科学家,句子编号,句子,情感得分
居里夫人,13,"民族的压迫,社 会的冷遇,生活的贫困,激发了她的爱国热情和发奋精神,她决心 努力学习,用知识武装自己",-1.0
居里夫人,37,"在他们发现镭后,为 了使镭尽快地服务于人民,立即公开了提取镭的方法,拒绝申请 专利权,尽管那时他们的生活还很艰难",-0.25
居里夫人,40,"在她刚开始从事放射性研究时,由于不了解 射线对人体的破坏作用,没有采取必要的防护措施;后来又长期在 条件很差的环境里工作,致使有害物质严重危害了她的身体,得了 恶性贫血病,就是在她生命垂危的时刻,她也没有因为一生的磨难 和不幸遭遇,有过丝毫抱怨和遗憾",-1.0
居里夫人,48,"第 三,在科学的道路上,有时特别是妇女工作者,可能会遇到不应有 的压抑和歧视,但只要有信心,有脚踏实地的忘我工作精神,保守 的枷锁和禁锢,是可以打破的",-1.0
居里夫人,82,一种强烈的使命感使她离开她的祖国波兰到巴黎去求学;她 在巴黎度过了好几年艰苦孤寂的生活,-1.0
居里夫人,87,"正当这两位学者誉满全球的时候,玛丽遭到了丧偶的不幸;顷 刻之间,死神便夺去了她那非凡的伴侣",-1.0
居里夫人,88,"但是她不顾精神上的痛苦和身体上的疾病,独力继续进行既 定的工作,使夫妻俩共同创造的科学大放异彩",-0.3333
居里夫人,173,"这一家在弗瑞达路她办的学校里住了八年, 波兰起义:波兰亡国有一百三十年,其间在1795年、1830年、1848年、1863 年、1905年,都曾有大规模的革命运动发生,这些运动由于没有真正的革命阶级来领 导都失败了,但是革命的传统为后来解放斗争打下了基础",-1.0
居里夫人,184,"她还不了解这些习惯的令人痛苦的原因,也不懂她的母亲 为什么严格地使自己与他们隔离",-1.0
居里夫人,193,"起初,周围的寂静使她很得意,就继 续玩这个极有趣的游戏;但是她忽然惊慌起来,看了看斯可罗多 夫斯基先生和夫人惊呆了的脸,又看了看布罗妮雅不高兴的样子, 结结巴巴地说了几句含糊不清的话,就不由得哭了;神童的气概完 全消失,她仍然不过是一个四岁的孩子,痛哭着并且悲哀地重复着 说: 请原谅我原谅我我不是故意这不是我的错 也不是布罗妮雅的错这只是因为它太容易了! 玛妮雅突然失望地想到,或许因为她学了读书,他们永远不肯 原谅她",-1.0
居里夫人,195,"他们都是很谨慎的教师,总担心他们的小女儿智力发育过早,所以 每逢她伸手去拿屋里散乱地放着的大字书本的时候,就叫她作别 的事:你还是去玩木块罢你的洋娃娃在哪里?唱个歌给 我昕或是象今天这样:我看你最好到花园去 玛妮雅向她方才进来的那扇门看了一眼",-1.0
居里夫人,212,"在1872年,作为一个波兰籍俄国臣民而又属于这个敏感的、 容易冲动的知识界,真是不幸极了;他们中间酝酿着反抗的激烈情 绪,对于强加在身上的奴役,比社会上其他阶层的人们更感痛切",-1.0
居里夫人,214,"瓜分了这块不幸土地的德意志、俄罗斯、奥地利, 三度重新分配所得的部分",-1.0
居里夫人,216,"1831年的英 勇革命失败之后,沙皇尼古拉下诏宣布一些严厉的报复手段, 用来对付俄属波兰;爱国志士被大批监禁或放逐,他们的财产 被没收 1863年,进行了一次新尝试,结果又是一场新灾难;起义的 德意志、奥地利、俄罗斯在1772年、1793年和1795年三次瓜分波兰,在 最末一次瓜分之后,波兰完全灭亡. 1831年革命:十九世纪二十年代,在华沙有学生们组织的一个秘密团体,他 们受了法国1830年7月革命的影响,在1830年11月起义,占领了华沙,夺到军火 仓库,把市民武装起来,组织了新政府,并在12月召开了新议会,宣布推翻沙皇尼 古拉一世兼波兰王的统治",-1.0
居里夫人,218,"沙皇残暴地惩 罚了起义的人,有五千家被放逐到高加索,土地被没收,二百六十个学生被强迫编入 军队,三十个参加起义的妇女被强迫出家作修女.这次起义是完全失败了,失败的原 因是这次民族运动没有和农民运动结合起来,起义的人们是那时的资产阶级,他们不 愿把土地分给农民,因此得不到农民的支援",-1.0
居里夫人,221,"1863年革命:1863年1月,在波兰有十五个地方同时起义,1月末,在华沙 的波兰地下革命政府发表宣言,把地主的土地分给农民,同时发布总动员令,农民热 烈地参加游击队伍;但是这个政府大部分是由资产阶级组成的,他们害怕农民战争, 于是又取消动员令,叫农民回家;这个反动的办法减弱了起义的力量",-1.0
居里夫人,227,"这次悲剧之后,俄国用尽种种手段,企图使那不肯死去的波兰 服从",-1.0
居里夫人,230,"但是在敌对阵营里,也立刻组织了抵抗;那几次不幸的经验向 波兰人证明目前没有以武力争回自由的机会",-1.0
居里夫人,242,"昨天小巴金斯基全对我说了:这些孩子 知道伊凡诺夫的女儿患伤寒,他们恨这个校长,就做弥撒咒她死 假如那个可怜的神父知道了,他会因为承担了这样的任务而 六为失望的! 这件事使斯可罗多夫斯基先生很高兴;但是他的妻子是一个 比他更虔诚的天主教徒,不苟言笑",-1.0
居里夫人,270,"但是不幸得很,他是一个缺乏勇气的人 这个站在坐位旁边,用悦耳的声音有把握地背诵功课的女学 斯塔尼斯拉斯 奥古斯特 波尼亚托夫斯基(17321798),在1764年被选 为波兰王,设法改革波兰内政,但是已经太晚,1795年德、奥、俄第三次瓜分波兰,斯 塔尼斯拉斯退位,三年后死在圣彼得堡",-1.0
居里夫人,276,"坐在椅子上的这位教师,服饰也并不浮华,她那黑绸上衣和鲸 须领子,从来不是流行的式样;而安多尼娜 杜巴尔斯卡小姐也毫 不美丽,她的脸是迟钝、粗鲁而且丑陋的,不过很富于同情",-1.0
居里夫人,282,"不幸得很,他是一个缺乏勇气的人 这个不漂亮的教师,正在用波兰语教波兰历史;她和那些很听 话的儿童,都带着共同参加阴谋的人们的神秘态度",-1.0
居里夫人,293,"这个督学一语不发地看着这些学生,陪他进来的校长西科 尔斯卡小姐,站在他旁边,表面很镇静,也看着这些学生但是 她暗地里是多么忧虑不安呀!今天拖延的时间太短了看门人 刚刚发出约定的信号,霍恩堡就在引导者前头到了楼梯平台,进了 教室,天哪!都安顿好了么? 都安顿好了",-1.0
居里夫人,301,"而这二十五张孩子的脸突然都变老了,都带着一种隐藏 着恐惧、 狡猾和憎恨的坚定神色",-1.0
居里夫人,327,"谁统治我们? 亚历山大二世陛下,全俄罗斯的皇帝,玛妮雅很痛苦地说, 她的脸色变得惨白",-1.5
居里夫人,331,"忽然,在这个复活了的教室里,这个波兰小孩难过 得哭了起来",-1.0
居里夫人,336,"霍恩堡问了玛妮雅她回答得极好后来她哭了 这个督学好象对各班都没有任何责备 感情洋溢的海拉低声说个不停,玛妮雅只安静地在姑母身边 走;受考问之后虽然已经过了好几个钟点,这个小女孩仍然觉得不 安",-1.0
居里夫人,337,"她深恨这种突如其来的惊恐,深恨这种屈辱的表演,在这种场 合,人们必须说谎,永远说谎 嬷嬷,小孩对保姆的称呼. 霍恩堡的视察,使她今天更沉重地感觉到自己生活中的悲哀, 她哪里还记得自己从前是一个无忧无虑的婴儿?种种不幸的事 情,接连打击斯可罗多夫斯基一家,玛妮雅觉得过去的四年,有如 一场噩梦",-1.0
居里夫人,343,"因为家境困难,他们的生活 逐渐有了改变",-1.0
居里夫人,350,"从此之后,他懊悔错误, 焦虑将来,十分悲苦;因为他过度地内疚于心,就时时刻刻以使家 境贫困,使女儿们没有嫁资自责",-1.0
居里夫人,369,她热切而绝望地请求耶稣把生 命赐给世上她最爱的人,-1.0
居里夫人,386,"总有人禁不住要把他们学的拉丁诗句、历史日期或问题的句 子结结巴巴地朗读出来 在知识制造厂的每一隅,都有人在诉 苦,有人在挣扎,这些功课都是多么难呀!斯可罗多夫斯基教师常 常要安慰失望的学生,这个学生完全懂用本国语言写的一个论证, 可是用俄文这种官定文字写的,无论他如何努力也懂不了,更不能 把它重述出来 小玛妮雅却没有这些苦恼,她的记忆力极好,同伴们看见她一 首诗只读两遍就能一字不错地背诵出来,猜想是一种欺骗,总说她 瞒着人读过这些诗",-0.5
居里夫人,394,"她们要等很久,因为这个孩子什么也没发现",-1.0
居里夫人,402,"走过那些大女孩面前的时候,她只说了 三个字: 真无聊! 这样一句平静的断语,是那些大女孩不甚满意的",-1.8
居里夫人,406,"她忘了俄国密探,忘 了霍恩堡的视察,忘了被不愉快的工作折磨着的父亲的脸色,忘了 房子里无休止的嘈杂,忘了清晨天不亮就须睡意矇胧地由漆布沙 发上起来,以便寄宿生可以在饭厅里吃早点",-1.0
居里夫人,408,"她忘记了她的恐怖:对于压迫者的恐怖,对于宗教的恐怖,对 于疾病和死亡的恐怖",-1.0
居里夫人,409,她本能地设法逃出这种过于郁闷的气氛,-1.0
居里夫人,411,"她的意识一恢复, 一切就立刻重新 出现了首先是她母亲的病在家里造成的焦虑;她那以前很美 丽的母亲,现在只剩了一个影子",-1.0
居里夫人,415,"1878年5月9日,经她请求,医生离开了她,换了牧师来,只有牧 师知道这个基督徒的痛苦,知道她在留下四个孩子要她深爱的丈 夫照管的时候的悲哀,想到她要撒手的几个青年的前途和想到只 有十岁的玛妞希雅的时候的忧虑",-1.0
居里夫人,421,"后来慢慢地越发软弱了,剩下 的一点生气,只许她再作一个手势,再说一句话",-1.0
居里夫人,426,"斯可罗多夫斯基先生把全部空闲时间都用在这些 孤儿身上,但是他的照料很笨拙,令人伤心只是男人的照料",-1.0
居里夫人,433,"虽然斯可罗多夫斯基一家刚刚遭到灾难,这一家正是到了这 种时期",-1.0
居里夫人,435,"他们战胜困 难,克服阻碍,四个都成了非凡的人物",-1.0
居里夫人,445,"他的妹妹们都羡慕他而且嫉 妒他,这三个斯可罗多夫斯卡因为在智力方面野心太大,早就觉得 烦恼不安;她们诅咒华沙大学不收女生的规则",-1.0
居里夫人,461,"她突然站住了,很失望,院子里没有人! 一个亲切的声音招呼她",-1.5
居里夫人,474,"玛妮雅和卡霁雅以取笑 那些俄国来的教师作为报复,她们忘不了那个讨厌的德文教员巴 斯特 麦丁,尤其忘不了她们恨入骨髓的那个极端可恶的学监梅 叶小姐",-1.0
居里夫人,477,"她事事责备玛妮雅,责备玛妮雅的顽强个性,责备玛妮雅 的轻蔑的微笑,玛妮雅听着她的侮辱性的批评的时候,总是用这 种微笑接受",-1.0
居里夫人,478,"这个女学究叹息着说:这个斯可罗多夫斯卡,简直不值得和 她说话象扔豆子打墙一样地没有用处!这个年轻女孩的馨发 格外使她生气,她说那是不整齐而且可笑的,她用刷子重重地刷 平那些不听话的鬟发,要把这个波兰女孩变成梳着紧辫子的格瑞 清,但是毫无用处,几分钟之后,那些很轻而且不受拘束的馨发, 就又冒出来拥住那鲜艳的脸了",-1.0
居里夫人,484,"被压迫者心中形成的冷酷无情,是政治压制造成的最不幸的 后果之一",-2.5
居里夫人,507,"她把谈锋转向昨天一个教师讲的历史 课,他说波兰是一个省,波兰语是一种方言,而波兰人的负恩,使深 爱她们的沙皇尼古拉一世因悲哀而死! 虽说这样,那个可怜虫对我们讲这些可耻的话的时候窘极 了",-1.0
居里夫人,532,"这两个惊呆了的小女孩围住那个不幸者,想问她话,想给她援 助;但是她们听见了梅叶女士尖声喊道: 来罢,小姐们,闲话说够了,快一点! 玛妮雅害怕得说不出话来,慢慢走到座位上",-1.0
居里夫人,535,"她们的反抗意识和她们的眼泪,都混杂在一起;她们尽力低声 下气地、温柔亲切地多方照料那个痛苦得抽搐着的朋友,洗她那哭 肿了的眼睛,劝她勉强喝一口热茶",-1.0
居里夫人,597,"这一 家的主人采取一种很新奇的态度对待他们,聚在一起的时候,两个 人都教训这些青年,都责备这些青年,并且对于他们的胡闹,都假 那累夫河,发源波兰东部,向西流",-1.0
居里夫人,619,"我看着她那疲倦的脸,将近五十年的 忧虑和大量工作,已经耗尽了她的精力",-1.0
居里夫人,620,"我感激命运,它在给这个 妇人艰苦而且严酷的使命之前,允许她坐在雪橇上去参加那种毫 无约束的库立格,允许她一夜工夫跳坏一双紫色羊皮薄底鞋",-1.0
居里夫人,642,"斯可罗多夫斯基先生的确无所不知,或者差不多是无所不知 的;欧洲什么地方现在还找得出来象他那样博学的无名教师?他 身为一家之主,维持收支平衡已经够困难的了,居然还找出时间来 看他很费力得来的出版物,以充实自己的科学知识",-1.0
居里夫人,644,"他们围着冒热气的茶炊闲谈,这个老人背诗 或朗读,儿女们都出神地听着他;他已经秃顶,一点点灰白胡子使 他温和的胖脸显得长一点;他有非凡的口才.一个星期六又一个星 期六,过去的名著就这样由一个熟识的声音介绍给玛妮雅,以前这 个声音说神话给她听,念游记给她听,或是教给她《大卫 科波菲 尔》,斯可罗多夫斯基先生总是打开书一面看, 一面就毫不困难 地用波兰语重述出来",-1.0
居里夫人,653,"苦痛;这是一个鳏夫的不能自慰的悲哀, 一个不得不从事次等工 作的受迫害的职员的忧愁和一个谨慎人的懊悔,因为他仍在责备 自己不应该作那次倒运的投资,而耗尽他的有限财产. 有时候,这个可怜的人只在不能自制时才诉苦: 我怎么会损失那笔钱的!我原想给你们最好的教育,让你们 旅行,然后送你们到外国去留学就这样,我把一切都毁了! 我没有钱,我不能帮助你们;不久,我还要累你们",-0.3333
居里夫人,654,"你们将来怎么 办呢? 这个教师忧虑地叹息着,转过身去看他的儿女,不知不觉地在 等他们对他说一些令人愉快的抗议,借以得到安慰",-1.0
居里夫人,657,"问题很简单,这一家之主的工资不久还要减成微薄的养 老金仅够付房租、食物费和给一个女仆的报酬;从此,约瑟夫、 布罗妮雅、海拉、玛妮雅都必须自己谋生",-1.0
居里夫人,724,"不幸得很,阿斯尼克和勃兰戴斯都没有给她们指 点办法,能在一个大学不收女生的城市里求得高深学问;也没有给 她们什么神方,能够靠教半卢布一小时的课就很快地积蓄一笔 财产! 天性慷慨的玛妮雅十分忧伤;这个原是一家里最小的孩子,却 觉得对大于自己的人的前途负有责任",-1.4
居里夫人,728,"玛妮雅知道她姐姐的痛苦,知道她心里 最大的愿望是到巴黎去学医,然后回波兰在乡间开业",-1.0
居里夫人,729,"这个可怜 的女孩已经节省出来一笔奋斗用的款子,可是居留国外的费用太 大了!她还须等多少月,等多少年呢? 玛妮雅的生性是先人后己,布罗妮雅明显的焦心和沮丧,成了 她时刻在念的忧虑",-0.3333
居里夫人,733,"她们的天性真是相得益 彰,姐姐的处事才识和经验令玛妮雅折服,所以日常生活的小问题 无不拿去请教;那个比较热烈而又比较胆小的妹妹,是布罗妮雅的 年轻的非凡的伴侣,她有一种感恩的感觉,有一种负债的渺茫观 念,因此她的爱更为深厚",-1.0
居里夫人,734,"有一天,布罗妮雅正在一张纸上写下一些数字,计算她有多少 钱,或者不如说计算她还缺多少钱,这是她第一千次计算了;玛妮 雅便直接了当地把问题提了出来",-1.0
居里夫人,758,"门开了,一个满脸失望的瘦女子走出来,穿过这个前厅,出去 的时候向玛妮雅作了一个再见的手势",-1.0
居里夫人,785,"最讨厌的是口头极甜,可是话里总流露着诽谤, 一种把人说得体无完肤的诽谤",-2.5
居里夫人,802,"她本指望在华沙作事可以赚到数目可观的款子,而不必忍受 痛苦远走他乡",-1.0
居里夫人,803,"留在城里可以减轻新当女教师的人的痛苦,她就 住在自己的家附近,可以每天回去和父亲谈一会话,可以与流动大 学里的朋友来往,并且谁知道呢?可以上一点课,或帮 助教一点夜课",-1.0
居里夫人,807,"她还须预备资助布罗妮雅, 因为布罗妮雅已经和玛丽亚 拉可夫斯卡一同到巴黎去了,正在 拉丁区过着贫苦日子",-1.0
居里夫人,810,"这样,她要与她所爱的人们 分别好几年,要过完全孤独的日子",-1.0
居里夫人,818,"只剩了 一个人完全孤独,这是她生平第一次! 这个十八岁的女孩,突然恐慌起来",-1.0
居里夫人,820,"假如这个新雇 主还和从前那些雇主一样,该怎么办?若是在她走了之后斯可罗多 夫斯基先生患病,可怎么好?她还能再看见他不能?她是不是作 了一件很蠢的事?十个、二十个令人痛苦的问题袭击着这个少女",-1.0
居里夫人,832,"这里的青年人十分乏味,女孩子们 除了极讨厌的以外,就是一些从来不开口的呆子;似乎也有几个比 较聪明的,可是直到现在,我觉得我的布朗卡(Z 小姐)是一颗少 有的明珠,她有良好的判断力,而且了解人生",-0.5
居里夫人,836,"斯塔斯很有趣,他的嬷 嬷讲给他听上帝是无所不在的,他的小脸显得很忧虑地问;他会 来捉我吗?他会咬我吗?'我们都觉得好玩极了! 玛妮雅没有写下去,把笔搁在她放置于落地窗前的那张桌子 上;她身穿毛衣冒着寒冷走到阳台上去",-1.5
居里夫人,864,"一个孤独的年轻女教师可以写很多信,只求有回信,信里有 城里的消息",-1.0
居里夫人,873,"今天早 晨我们又有了一场麻烦,她不肯按时起床,我最后不得不平静地拉 住她的手把她扯起来,心里很恼火",-1.0
居里夫人,874,"你想象不到这些小事使我多 么苦痛,这样一件蠢事会叫我难过几小时",-1.0
居里夫人,879,"说到青年男子,这里很少好的,也很少聪明 的象实证论、劳工问题等等字样,对男女青年来说, 都是讨厌的东西恐怕他们听也没有听见过,这是很少见的情 况",-0.3333
居里夫人,883,我差不多没有谈到 过妇女的高等教育问题,-1.0
居里夫人,908,"她对着这个愚昧的海洋,觉得自己软弱已极. 无能为力! 第六章 长期忍耐 这些小农民决不会料到玛丽亚小姐常常忧郁地考虑到她自 己的无知",-1.0
居里夫人,917,"这个计划是幼稚的,没有人能够从象斯茨初基这种地方逃 出去! 从她的灰心丧气,我们很容易发觉这个有天才的女子并不是 完全没有弱点的;我们可以感觉到她远不能保持一种超人的信心; 她和一般十九岁的女孩一样,心里很痛苦而且很失望",-1.5
居里夫人,924,"不过在这些年的工作中,我试着慢慢地找出我的 真正兴趣所在,而我终于转向数学和物理学了 我这种单枪匹马的研究,困难极多",-1.0
居里夫人,931,"到晚上九点,若没有意外的阻碍,我就专心看我的 书,并且作自己的工作 我养成了在六点钟起床的习惯,以便多用点功,但是不能永远 如此,此刻有一个很好的老人在这里住着,他是安霁亚的教父, 教父,天主教、正教及新教某些宗派,在施洗时为受洗者设置的男保证人和 监护人 . 为了要给他 一种消遣,Z 夫人要我请他教我下棋",-1.0
居里夫人,936,"我同时读几种书,因为专研究一种东西会使我的宝贵头脑疲 倦,它已经太辛苦了!若是在读书的时候觉得完全不能由书里吸 收有用的东西,我就作代数和三角习题,这是稍微分心就作不出来 的,这样它们就又把我引回正路去",-1.0
居里夫人,937,"我那可怜的布罗妮雅由巴黎写信给我,她的考试发生了许多 困难,她很用功,身体不好",-1.0
居里夫人,942,"即使我有过别 的计划,它们也已经化灰化烟了;我已经把它们埋葬、禁闭、封缄, 而且忘掉了因为若想试着用头去碰倒墙,你知道墙总是比头 坚固的 这种渺茫的想自杀的念头,这种关于恋爱的失望而且怀疑的 言词,须要加以解释",-1.0
居里夫人,953,看起来似乎没有阻碍他们结合的事情,-1.0
居里夫人,961,"这个学生受了教训、申斥和挫折,觉得失去了决心",-1.0
居里夫人,962,"他没有什 么个性,怕家里人的责备和愤怒",-1.0
居里夫人,963,"玛妮雅受了比她低的人们的轻 视,觉得很痛苦,于是保持一种很僵的冷淡和一种过分的沉默",-1.5
居里夫人,967,"到什么地方还能找到这种待遇?她与Z 家的人没有 直接解释,没有痛苦的争论;那么不如忍受这次屈辱,留在斯茨初 基,好象不曾发生什么事一样",-1.0
居里夫人,969,"她教课,责备安霁亚,激励 那个用一点脑力就会睡去的朱列克",-1.0
居里夫人,975,"我还记得有一年田里的雪很深,我们造了一间雪屋,可以 坐在里面看那一望无涯的略带玫瑰色的银白世界 恋爱的结果不幸,智力的梦想失望,物质的景况极其困难(她 因为帮助这个,帮助那个,自己什么也没有剩下);玛妮雅试图忘记 自己的命运,忘记自己永远陷进去的这个泥辙",-0.44
居里夫人,983,"我亲爱的哥哥,若是我写了一些傻话,你可不 要生气:你要记住,我一向是想到什么,就完全诚实地对你说出来, 这是我们的习惯",-1.0
居里夫人,984,"亲爱的哥哥,你看,人人都说在小地方工作会妨碍你加深 自己的修养,阻碍你做研究工作",-1.0
居里夫人,992,"我并不习惯用这 种调子对你说话或写信;不过我写的话都是发自我的心灵深处,而 且自从你一开始学医我就这样想,想过许久了 你再想一想,若是你留在父亲身边,他会多么高兴啊!他最 爱你,爱你比爱我们所有的人都深!你想象一下,如果海拉同M. B. 结婚,而你又远离华沙,可怜的父亲不就只剩孤零零一个人了 吗?他一定会极度悲哀",-1.0
居里夫人,993,"若是照我所说的办,你们可以住在一起, 那就真是十全十美了!不过你同时不要忘了须以节俭精神给我们 几个人留一小块地方,以备我们回去! 1887年4月4日,玛妮雅写给亨利埃特(亨利埃特当时刚产下 一个死婴)的信上说: 作母亲的人受了如许磨难,结果是一场空,这是多么痛 苦的事啊!若能以基督教的听天由命精神对自己说:上帝的意旨 要如此,就一定会如此,那么这种极度的悲哀还可以减轻一部分",-1.0
居里夫人,996,"请你原谅这些哲学意味的感想,因为你抱怨你所居住的 城里的精神太落后、太保守,所以我才有这些感想",-1.0
居里夫人,1000,"只有虚伪使我生气而虚 伪散布得太宽,以致真信仰实在少有我恨虚伪,但是我尊敬真 诚的宗教感,即使它具有的智能很有限,我也尊敬 1887年5月20日,玛妮雅写给约瑟夫的信上说: 我还不知道我的学生安霁亚是否去应试,但是预先我已 经很担忧",-0.4167
居里夫人,1004,"我也很担心我自己,觉得我似乎变得非常愚蠢 日子过得 这样快,而我没有什么显著进步",-0.25
居里夫人,1009,"这个谣 言传遍了乡问,甚至传到了华沙;虽然并不是我的错,但是我恐怕 这要给我招来麻烦",-1.0
居里夫人,1022,"若是忽然有一个突如其来的打击 例如读这一本书使我从这种窒闷的生活中解脱出来,我 就极感痛苦",-1.0
居里夫人,1028,"唉!我深愿能 有几天由这种冷冰冰的环境里抽身,能有几天不受人批评,能有 几天不必时时刻刻留意自己的言谈、神色和姿势",-1.0
居里夫人,1033,"我自问是否事事都真正那样不顺;而且我很 痛苦;除了忧虑家里之外,我在此地也有不少烦恼",-1.0
居里夫人,1036,"我 是你特选的妹妹,怎么能够不把与你有关的事都放在心上呢!怎么 能够不把它当作也与我有关呢? 说到我,我很愉快,并且时常用欢笑掩饰我的极深的不快乐",-1.0
居里夫人,1040,"我过了一些很困难的日子,在回忆的 时候唯一能安慰我的,乃是不管怎样困难,我还是诚实地应付过来 了,而且头昂得很高 (你看,我在生活中还没有放弃从前使梅 叶小姐恨我的那种态度",-1.1667
居里夫人,1042,"不要害怕,我决不会陷 入这种和我的天性很不相容的恶习只不过近来我变得很神经 过敏而已",-1.0
居里夫人,1045,"我们有多 少事要说啊!我将带锁去锁我们的嘴,不然我们不到天亮决不肯 睡觉!你的母亲是否仍象从前那样,给我们果汁露和冰巧克力呢? 1888年10月,玛妮雅写给约瑟夫的信上说: 我忧郁地看着我的日历:今天我用了五张邮票,更不用计算 信纸",-1.0
居里夫人,1065,"1888年4月,他接受了一个既讨厌又 麻烦的位置:管理离华沙不远的斯图德西尼茨地方的一个儿童感 化院",-1.0
居里夫人,1107,"可是在另一方面,我想到我的还有点价值的才干就这样 毁了,我也觉得很伤心",-1.5
居里夫人,1109,"你不能了解我多么替 她难过!她永远是我们家里最小的孩子,我觉得我有照料她的 责任,这个可怜的小东西真是极需照料啊! 但是你,布罗妮雅,我求你用你的全部力量负责为约瑟夫谋福 利;即使你认为去哀求那个能够解决他的困难的S夫人并不是你的 责任,我也请你克服这种感情",-0.3333
居里夫人,1113,"即使你觉得这惹人讨厌,那又 算什么?只要目的达到,有什么关系?再说,这种请求难道太大么? 人们不是常比这个还更讨厌么?有了这种帮助,约瑟夫就可以成为 社会上有用的人;然而他如果离开华沙到地方上去,他就算完了! 我用海拉、约瑟夫、父亲和我自己的摧毁了的前途打搅你,我 心里忧愁已极,悲伤已极,我觉得我多么不应该告诉你这些事,使 你不快乐啊!在我们这些人里,只你有人们所说的幸运",-0.5
居里夫人,1114,"请原谅我, 但是你看,有这么些事情使我难过,我自然很难用愉快的语气结束 这封信",-1.0
居里夫人,1116,"下次写信的时候,我将写得长些而且快活 些,但是今天我觉得在这个世界上特别难过",-2.0
居里夫人,1119,"可惜她缺少解决这个问题的手段, 她太穷了,没有力量为她的妹妹付旅费,不能强迫她的妹妹上火 车",-1.0
居里夫人,1124,"流动大学又对她打开了神秘之 门;还有一件无上快乐的,也是极重要的事情:玛妮雅生平第一次 进入了一个实验室里! 在克拉科夫大道六十六号, 一个种着丁香花的院子的尽头,有 一座两层的小建筑,只有极小的窗户透进光线",-1.0
居里夫人,1129,"不时有些没有想到的小小的成 功使我感到鼓舞;但是因为缺乏经验,我有时候也不免为意外事故 或失败而陷于失望",-1.0
居里夫人,1147,"她写信给我说她很郁闷;我担心她的忧愁和她的职业的不稳 定,会把她愁坏了",-1.25
居里夫人,1150,"假如我的预见准确,我恐怕以前使她难过 的那些人,又会要使她难堪;如果目的是要建立一个称心的生 活,而且使两个人幸福,倒也值得挺身对付这些阻碍",-0.3333
居里夫人,1153,"只是目前的情形很不顺利,尤其是, 假如玛妮雅在回来的时候还没有完全痊愈,我要反对她动身,因为 在巴黎过冬是很苦的,别的困难就不必说了,我也不考虑她离开我 之后我会如何痛苦,因为这最末一个理由显然是次要的",-1.0
居里夫人,1158,"由于那个大学生又对玛妮雅吐露他已说过上 百次的犹疑和恐惧,玛妮雅觉得厌烦,说出破釜沉舟的话来: 既然你看不出有解决我们处境的方法,我可教不了你",-1.0
居里夫人,1162,"她计算了一下她过了多少年的痛苦日子, 一 直心里象油煎,可是还须勉强忍耐",-1.0
居里夫人,1169,"今夏我经受了一些将要影响我一生的残酷折磨,到巴黎 去可以使我的精神恢复平衡,这将是一大幸事;但是,从另一方面 说,我不愿意使你受累",-1.0
居里夫人,1176,"我答应 你们我决不制造麻烦,也决不扰乱秩序",-1.0
居里夫人,1218,"在开始几个星期里,她遇到了一些没有料到的障碍",-1.0
居里夫人,1238,"她是一个独立性很 强的青年女子,虽然您把她交给我照管,给我正式权力,但她对我 既不表示尊敬也不表示服从,而是嘲笑我的权威和我的郑重,把它 们视为敝屣",-1.0
居里夫人,1246,"他在波兰某处有一 个富裕的家庭,在法国外交部的案卷里有一份沙皇警察署授意的 文件这个到霉的文件阻碍着他,使他永远不能取得入籍和在 巴黎定居的权利",-1.0
居里夫人,1253,"这一对夫妇 工作极勤,由一家跑到一家,去看他们的病人 但是到了晚上,点着了灯,他们就把一切忧虑扔得远远的",-1.0
居里夫人,1255,"过了一天很长而且 辛苦的日子之后,有时候他设法到戏院去玩一晚上,坐最便宜的位 子;假如没有钱,他就自己弹钢琴,因为他弹得极好",-1.0
居里夫人,1266,他 毫不悲愤地谈到自己的困苦生活、自己的失望和奋斗,-0.3333
居里夫人,1281,"这些贫穷的青年人组织一些聚会和圣诞夜餐会, 一些好意的 厨子给夜餐会做华沙菜:浅紫色的热巴尔什茨,蘑菇白菜,塞肉的 白斑狗鱼,罂粟子糕,几杯伏特加,很浓的茶还有戏剧表演, 由一些业余演员表演喜剧和正剧",-1.0
居里夫人,1300,"我们都好,玛妮雅气色极好,我似乎觉得她过的艰苦生活丝 毫没有使她疲倦 斯可罗多夫斯基先生写信给布罗妮雅说: 亲爱的布罗妮雅:那个熨斗合用,我很高兴",-1.0
居里夫人,1304,"1892年1月31日,斯可罗多夫斯基先生写信给玛丽说: 亲爱的玛妮雅:你最近的一封信使我很忧虑,我惋惜你那样 积极参加组织那次戏剧表演",-1.5
居里夫人,1306,"这也许会引起很大的麻烦,甚至于会禁止这些人担任某些职 务",-1.0
居里夫人,1328,"自从玛丽 自动放弃了德卢斯基家供给她的食宿,就不得不自己支付所有的 费用",-1.0
居里夫人,1331,"这是亟需解决 的问题,但是从来还没有一个问题是玛丽不能解决的! 1893年3月17日玛丽写给她的哥哥约瑟夫的信上说: 你大概已从父亲处得悉,我决定搬到离学校近一点的地方居 住;为了几种原因我不得不迁移,尤其是这个学期不得不如此",-1.0
居里夫人,1381,"醒过来的时候,她自问为什么昏过去;她觉得自 己有病,但是她对于疾病也和对于别的事一样,极为轻视",-1.0
居里夫人,1386,"然后,用一个表示不关心的手势,推开这些忧虑,开始和她的外甥 女玩,这是布罗妮雅的女儿,她很爱这个小孩",-1.0
居里夫人,1397,"他也生自己 的气,责备自己照料斯可罗多夫斯基先生托付他的这个小东西 不够关切",-1.0
居里夫人,1398,"他不理会小姨的抗议,把她的外衣和帽子拿给她,叫她 带着下一个星期须用的书籍和笔记本,然后静默地、不满意地、不 高兴地把她带到拉维垒特路,他在门口就喊布罗妮雅.布罗妮雅接 着就向厨房跑去",-1.0
居里夫人,1422,"在索尔本,外国女子是很吃香的;这些 贫苦女子差不多都有天才,她们由很远的地方到龚古尔兄弟称做 学问的奶娘的大学来,很引起法国青年的同情",-1.0
居里夫人,1449,"然后她又去过一年学校生活,又可以 工作、学习、预备新考试,再瘦下去 帝 但是每次到了秋天,玛丽必然产生同样的忧虑:那里去筹 钱?怎样回到巴黎?四十卢布接着四十卢布,她的积蓄已经用完 了;而且她一想到她的父亲为了要帮助她,连小享受都放弃了,就 觉得十分惭愧",-0.3333
居里夫人,1450,"到1893年,情形似乎是全无希望,这个青年女子差 不多要放弃这次旅行了,这时忽然出现了一个奇迹",-1.0
居里夫人,1464,"请告诉父亲,我已经习惯了这种工作,不象从前那样觉 得疲倦,而且我也不想放弃它",-1.0
居里夫人,1483,"一个人若是年轻而且孤独,完全专心于学问,虽然不能自给,却 过着最充实的生活",-1.0
居里夫人,1485,"到后来,恋 爱,生男育女,作妻子和作母亲的忧虑,一种繁重的工作的复杂性, 将把这个幻想者重新送进实际生活",-1.0
居里夫人,1487,"她轻松地在另外一个世界里翱翔,永远认为那是唯一 的纯洁世界,唯一的真实世界! 在这样困苦的冒险中,决不可能每天都是极好的日子,常有意 料不到的事情突然发生,扰乱了一切安排,几乎象是无法补救,例 如:不能克制的疲乏,需要治疗的短期疾病",-1.0
居里夫人,1488,"此外还有别的不幸, 而且是很可怕的不幸仅有的一双底子有几个破洞的鞋子已经 破烂不堪,不得不买新鞋",-1.0
居里夫人,1498,"一个贫寒的青年女子因为初恋遭到了失望 和屈辱,便发誓永远不再恋爱;而一个斯拉夫女学生为知识方面的 抱负所激发,尤其容易决定放弃一般女子的义务、幸福和不幸,以 便从事自己认为适合的事业",-0.5
居里夫人,1504,"她的梦想萦绕在她心头,贫苦折磨着她,大量的工作使她过度 劳累;她不知道闲暇和闲暇的危险",-1.0
居里夫人,1513,"他翻弄着他那搁了许久的日记,重读旧日所写的话,字迹已经 褪色了,其中几个小小的字,充满了惋惜和莫名的忧伤,引起他的 注 意 : 有天才的妇女很少",-1.0
居里夫人,1517,"我们开始谈话,不久就很投缘;谈话的题目是 一些科学问题,我乐于征询他对这些问题的意见",-1.0
居里夫人,1523,"这个女学生对他诉说她目前的忧虑,, 福利堡,瑞士西部的一个州",-1.0
居里夫人,1551,"比埃尔 居里惊讶地听着玛丽谈她的爱国责任,不知所以地觉得 不满意",-1.0
居里夫人,1596,"总之,他有诗人和艺术家的敏感和想象力,也有他们的失望和 痛苦 1881年,他在日记中写追我将来会成为什么样的人? 我很少自己完全支配自己的时候,平常总有一部分生命在昏睡,我 似乎觉得我的头脑一天比一天迟钝",-1.0
居里夫人,1623,"现在你没有权利抛弃科学! 这几句平常关切的话,表露了比埃尔心里的深切焦虑",-1.0
居里夫人,1627,"嫁给一个法国人,永远离开自己的家,放弃爱国活动, 抛弃波兰,在斯可罗多夫斯卡小姐看来,这些事简直是一种可怕的 叛国行为",-1.0
居里夫人,1642,"您同我在一起不是要比较好些 么?我知道这个问题要使您生气,我也不愿意再对您说这个,而且 从各方面看来,我都觉得配不上您 我想请求您允许我在福利堡与您不期而遇,但是您只在那里 留一天,是不是呢?那一天您当然要和我们的朋友科瓦尔斯基在 一 起 了",-1.0
居里夫人,1657,"再 说,我们都必须谋生,因此就都是机器里的一个齿轮,等等 狂欢日:在四旬斋的第三个星期的星期四举行. 最痛苦的事,乃是我们不得不对我们周围社会的偏见让步,只 看我们的强弱,定让步的多少;倘若让得不够,我们会被压碎,倘若 让得太多,我们就太无价值,就会憎恶自己",-2.5
居里夫人,1660,"我力劝您在十月回到 巴黎,如果您今年不回来,我一定很痛苦;但是我劝您回来,并非出 于朋友的私心",-1.5
居里夫人,1663,"我相信有些问题需要普 遍解决才行,今日已经不能局部解决了;我还相信若是有人要从事 于无结果的工作,他可以作出许多有害的事来;我也相信这个世界 里没有正义,而最有力量的或最经济的制度一定占优势",-1.0
居里夫人,1664,"一个人 工作得筋疲力尽,同时还要过极不幸的生活,这是一件令人愤慨的 事,但是并不能因此就不存在",-1.0
居里夫人,1666,"您了解自私的方式真是令人惊异!我二十岁的时候遭到一件 大不幸,我尖掉一个我很爱的童年女友;在那可怕的情况下--我 没有勇气对您说这件事我日夜只是固执地想一个念头,试着 把折磨自己当做一种快乐",-0.3333
居里夫人,1668,"从那时候起, 我常自问,这种对生活的放弃是否只是一种用它来对付自己的手 法,以便取得忘却的权利? 在您那个地方,书信往来是否自由?我很怀疑,并且相信我们 将来在信函中最好不再高谈阔论,因为虽说纯粹是哲学性质的讨 论,还是可能被曲解,给您引来许多麻烦",-1.0
居里夫人,1670,"您忠实的朋友 比埃尔 居里 1894年9月17日,比埃尔 居里写给玛丽 斯可罗多夫斯卡的 信上说 : 您的信使我很不安,我觉得您在烦恼,打不定主意",-1.0
居里夫人,1680,"在这所阴暗而且有点郁闷的住房里,比埃尔重复提出他那柔 倩脉脉的要求,他的倔强并不下于玛丽,只是方式不同!他和他的 未来妻子有同样的信念,只是更加完整,更加纯洁,毫无混杂成分",-0.8
居里夫人,1699,"他在青年时候的热恋,遇到悲哀的结果,使他从此 退缩,躲避妇女,不愿意再谈恋爱",-1.0
居里夫人,1705,"我认为你按自己的心愿办是对的,任何一个公正的人都不能 责备你",-1.0
居里夫人,1708,"现在我 们必须做的事,只是要不顾一切障碍,尽力设法彼此时常见面",-1.0
居里夫人,1713,"我将与去 年我在华沙对你谈到的那个人结婚,从此不得不永居巴黎.我觉得 很难过,但是有什么办法呢?命运注定我们彼此很深地依恋着,注 定我们不能分开",-1.5
居里夫人,1733,"自从她降生以来,她没 有使我痛苦过",-1.0
居里夫人,1741,"他们独处于田野之夜的虚假 的沉寂中,时常有远处的犬吠、鸟的低鸣、猫的狂叫和地板的引人 注意的吱嘎声冲破这种沉寂. 他们想探查丛林或岩石时,就暂时中止自行车旅行,而去散一 次步",-1.0
居里夫人,1744,他更不喜欢通 常那种预先定好旅程的旅行,-1.0
居里夫人,1746,"早年和他哥哥一起远足 的情景,他还记得清清楚楚: 啊!在那里,在那仁慈的孤寂中,远离巴黎城内使我痛苦的 成千的讨厌的小事情,我度过了多么美好的时光不,我不后悔 在树林里过了几夜,不后悔独自过了几天",-0.3333
居里夫人,1754,"点,以方便走路;头上没有戴什么,穿一件白上衣,很清新,也很好 看,脚上穿一双粗鞋,腰间束了一条很合用可是不大雅致的皮带, 带子上的小口袋里藏了一把刀、一点钱和一块表 比埃尔并不回头看他的妻子,他继续把内心的思考高声讲出 来,并且谈到结晶学上的一种困难工作",-1.0
居里夫人,1768,"他想着研究上的大小困难,想着那使他劳心费神的结晶体成 长的奥秘",-1.0
居里夫人,1780,"法国人常是本能地不信任外国人,比埃尔却丝毫没有这种迹 象",-1.0
居里夫人,1783,"她很愿意,她已经很敬 爱她的公公和婆婆,斯可罗多夫斯基先生和海拉回华沙去之后,她 的公婆对她的慈爱,减轻了她远离祖国的痛苦",-1.0
居里夫人,1800,"这对新婚夫妇在十月搬到格拉西埃尔路二十四号去住,这所 住房很不舒适,唯一可爱之点,乃是由窗户望去,可以看见一座大 花园的树木",-1.0
居里夫人,1809,"若有讨厌 的人爬上五层楼,要到这个小巢来扰乱这对夫妇,走进这间四壁萧 然、只有一个书橱和一张白木桌的夫妻工作室,一定会很扫兴;桌 子一头是玛丽坐的椅子,另一头是比埃尔坐的椅子,桌子上是一些 物理学的专门书籍、一盏煤油灯、一把花,此外更无他物",-1.0
居里夫人,1814,"这就很好了,有这个数目,一对俭朴的夫妇尽可足用,而玛丽 又知道节省;困难的问题只是如何在二十四小时内作完一天的繁 重工作",-1.0
居里夫人,1837,"我很难过我不能参加海拉的婚礼,若是我们全家都不在华沙, 那么无论怎样困难,我也一定会筹措旅费前往",-1.25
居里夫人,1847,"玛丽后来写道:有一天,天气晴朗,我们辛苦地攀登了许久, 在清新的空气中,穿过奥布拉高原凉爽的绿草地;当时的情景, 留下了鲜明的记忆",-1.0
居里夫人,1850,"居里夫人愿意有个小孩,可是这样难受,不能照 旧不疲倦地在仪器前研究钢铁的磁化作用,真是使她烦恼",-1.0
居里夫人,1852,"奥佛尼,法国中南部旧区,有治疗疾病的泉水",-1.0
居里夫人,1859,"我的婆婆 一 直病着,因为所患是 一 种不治之症 (乳癌),我们都很沮丧",-1.5
居里夫人,1884,"电 报,一法郎十生丁.在疾病项下记着:医药和看护,七十一法 郎五十生工",-1.0
居里夫人,1885,"居里一家在九月中的总支出四百三十法郎四十 生丁是增加了,玛丽在四百三十法郎这个数目底下,画了两条 很粗的线,表示愤慨",-1.0
居里夫人,1890,"如果这 个孩子的体重能照常增加,我就继续喂下去;不然,我就要请个乳 母,虽然要多费钱而且会使我难过,也顾不得了:我不愿意为了世 界上任何事情而阻碍我的孩子的发育",-1.0
居里夫人,1902,"她有别的事要操心!她有实验室、有丈夫、有家、有女儿伊 雷娜长牙时的哭泣,患感冒,有一点不要紧的事故,时常扰乱这一 家的安宁,使这两个物理学家几夜忧虑,几夜失眠",-1.0
居里夫人,1903,"有时候玛丽会 担心骇怕,突然离开理化学校向蒙苏利公园跑去;乳母是不是把孩 子给弄丢了?没有她远远看见公园里指定的道路上的那辆小 车,那个妇人就在车旁,车里有个白色的东西",-1.0
居里夫人,1909,"她战胜 了大小阻碍,而从来没有想到,她所完成的事业需要无比的坚忍, 需要过人的勇气",-1.0
居里夫人,1921,"在讨论这个重大问题的时候,比埃尔的劝告很重要",-1.0
居里夫人,1925,"玛丽从童年时代起,就有探险家的好奇心和勇 气,这种本能,从前驱使她离开华沙到巴黎和索尔本来,驱使她放 弃德卢斯基家那个安乐住所,孤独地住在拉丁区",-1.0
居里夫人,1931,"亨利 柏克勒尔也注意同样的问题,他观察了一种稀有 金属 铀盐;但是没有得到他预测的现象,却观察到另外一种 完全不同并且不可解的现象:铀盐自发地放射一种性质不明的射 线,不必先受光的照射",-1.0
居里夫人,1944,"这样大胆地去从事一种冒险,进入一个未知 的领域,是令人兴奋的! 拳 剩下的问题只是要找个地方,使玛丽能进行试验,而困难就从 这里开始",-1.0
居里夫人,1957,"物理学上常有一种不可解的现象,经过几次研 究之后,却可以归入以前已知的定律,这么一来研究者也就立刻失 掉对它的兴趣!正如在写得不好的侦探小说中,我们在第三章就 知道,那个外表凶险、很象罪犯的妇人,实际只是资产阶级中一个 诚实的女子,过的是一种毫无秘密的生活,我们一定觉得失望,并 且立刻就不再读下去",-1.0
居里夫人,1993,"这两个姐妹并没有说什么 表示亲爱的话;然而一定是在一种充满了回忆的狂喜中重温了等 待的几年,重温了她们相互的牺牲,重温了她们学生时代度过的充 满了梦想和信心的艰苦生活",-1.0
居里夫人,2038,一件伤心的事扰乱了玛丽的工作热诚:德卢斯基夫妇快要离 开巴黎了,-1.0
居里夫人,2040,玛丽同布罗妮雅的分别十分悲哀,-1.8
居里夫人,2041,"她失掉了她的朋友和保护者,第一次感觉到远离祖国的痛苦",-1.0
居里夫人,2045,"伊雷娜长成了一个 大孩子,她吃东西很麻烦,除了牛奶木薯羹之外,差不多任何东西 都不肯按规定吃,连鸡蛋她也不喜欢",-1.25
居里夫人,2075,"这里有了三个使他们忧虑的问题: 如何才能得到足用的矿物? 在什么地方进行提炼? 用哪一笔钱支付这项工作所必需的费用? 藏有钋和镭的沥青铀矿是一种很贵重的矿物,在波希米 亚的圣约阿希姆斯塔尔矿炼制这种矿物,是为了提取玻璃工业 用的铀盐",-0.3333
居里夫人,2092,"拉瓦锡(17431794),法国化学家,在法国大革命期间,因政治问题被牵 涉,于1794年5月8日被处死刑",-1.0
居里夫人,2102,"比埃尔仍旧保持他一向的平静态度,但是 玛丽看见人们辛苦地把一些口袋往下卸的时候,按捺不住她的快 乐",-1.0
居里夫人,2105,"镭就藏在那里面,玛丽要从那里面提炼出镭来,这种象街上的 土一样没有生气的东西,即使她必须炼制一座山那样多,她也一定 要作到",-1.0
居里夫人,2107,"这是一种奇异的新的开始,这种艰苦而且微妙的 绪斯(18311914),奥地利地质学家",-1.0
居里夫人,2134,"但是镭要保持它的神秘性,丝毫不希望人类认识它",-1.0
居里夫人,2136,"最困难的, 不可能的,乃是离析这极小的含量,使它与它密切混合着的杂质分 离开来",-2.5
居里夫人,2147,"我们在实验室里只见很少的几个人,偶尔有几个物理学 家或化学家来,或是来看我们的实验,或是来请教比埃尔 居里某 些问题,他在物理学的许多部门的学问,是很出名的",-1.0
居里夫人,2156,"她所爱的人里,没有人能和她谈她的工作,没有人能了解 她的使命,没有人能明了她的忧虑和她的困难目标",-1.0
居里夫人,2198,"把那些放射性很强的溶液提纯,并 把它们分离结晶的阶段到了,现在应该有很洁净的地方,应该有 防寒、防热、防污极佳的仪器! 这个简陋的棚屋,到处通风,铁 屑和煤屑飞扬,混到小心提净的产物中去,使玛丽很失望",-1.5
居里夫人,2199,"这种事 情每天必有,费去她许多时间和精力,使她很伤心",-1.5
居里夫人,2201,"不过我们须注意,他不是想放弃研究镭和放射性,但是他很愿意暂 时放弃这项特定的工序:提炼纯镭",-1.0
居里夫人,2202,种种困难似乎无法克服,-1.0
居里夫人,2203,"他 们不能等将来在较好的条件下再继续这项工作么?他注重各种自 然现象的意义,甚于注意它们的具体现实状况;他看见玛丽用尽力 量所得的有限结果,觉得烦恼,劝她暂时休战",-1.0
居里夫人,2206,"她轻视疲倦,轻视困难,甚至于轻视她自己在知 识上的欠缺;这种欠缺使她的工作更为复杂",-1.0
居里夫人,2221,"玛丽在女儿那里多留了一会儿,在她回来的时候,他总是 用一句伤心的责备话迎接她: 你只想着这个孩子! 比埃尔慢慢地在屋子里走,玛丽坐下,在伊雷娜的新围裙折边 上缝几针",-1.0
居里夫人,2227,"那天他们工作得很辛苦,照道理这两个学者此刻应该休息 了",-1.5
居里夫人,2233,"镭不只有美丽的颜色,它 还自动发光!在这个黑暗的棚屋里没有柜子,这些零星的宝贝装 在极小的玻璃容器里,放在钉在墙上的板子或桌子上;它们那些略 带蓝色的荧光的轮廓闪耀着,悬在夜的黑暗中",-1.0
居里夫人,2244,"这两个大学者,为了想得到他们缺少的一年两三千法郎,作了 一些拙劣而且不幸的尝试,我很少听见象这样令人懊恼的事",-1.0
居里夫人,2255,"第一个使他 失败的原因,乃是他有天才;在人与人的竞争中,天才总会在别人 心里激起一种难以消除的隐痛",-1.0
居里夫人,2266,"每月有五百法郎收入,总还不算极端贫穷, 生活可以维持只是日子过得不好就是了",-1.0
居里夫人,2300,"居里先生和夫人低头看课本,出问题,选择要在课堂里做的实 验比埃尔此时担任两处教职,指导两组学生的实验工作",-1.0
居里夫人,2304,"浪费了多少精力!占去了多少做真正工作的时间!玛丽每星 期要到赛福尔去几次,拿着一个装满了批改过的作业的皮包,坐 一辆慢得叫人难过的电车,有时候要在路旁站着等半点钟",-1.0
居里夫人,2308,"子,他很失望,抑制住向人要东西的反感,想设法得到一个比较大 的地方,可是不成功",-1.25
居里夫人,2309,"玛丽后来写道:进行过类似奔走的人,都知道在经济上和行 政上遇到的那些困难,也记得为了要得到最小的好处必须写多少 呈文,进行多少次拜访和申请",-1.0
居里夫人,2310,比埃尔 居里因此很疲倦而且很 沮丧,-1.0
居里夫人,2351,"室既不能有,也就满足于在棚屋里进行实验;而他们在那个小木 板屋里度过的积极工作的时光,聊可安慰他们在其他方面遭到的 挫折",-1.0
居里夫人,2360,"她认为 自己是坚不可摧的,因为她已经用轻蔑疾病和随随便便的日常生 活,克服了她的亲属为她担心的结核病",-1.0
居里夫人,2372,"因为某 项研究工作须一气作成,你们当然可以晚吃一次;但是你们没有 权利把晚食养成习惯决不可象你们这样连续不断地把科学上 的忧虑时时刻刻与生活混在一起",-1.0
居里夫人,2375,"吃饭时不应该看书,也不应该谈到物理 学 比埃尔和玛丽对于劝告或责备总是天真地回答说:但是我们 有休息时间,我们夏天休假",-1.0
居里夫人,2409,"她时常暗 暗地责备自己不应该留在法国,这个老人原计划和她在一起度过 余年,而她使他失望了",-1.0
居里夫人,2410,"她在寂静中对着这个打开的棺木,低声自 责,直到她的哥哥和姐姐们勉强使这令人痛苦的一幕停止",-1.0
居里夫人,2428,"这一年有一些不幸的事发生,首先是怀孕,后来是早产,玛丽 对于这次失望觉得很悲哀",-1.1667
居里夫人,2429,"1903年8月20日,玛丽写给布罗妮雅的信上说: 这件变故使我很难过,使我没有勇气写信给任何人",-1.5
居里夫人,2431,"请你写信告诉我,你是否认为 这是我全身性疲劳所引起的,因为我不能不承认我没有爱惜自己 的精力",-1.0
居里夫人,2435,"玛丽写信给她的哥哥说:德卢斯基家的不幸,使我非常沮 丧",-1.0
居里夫人,2437,"如果,尽管照料周到,连这 么健康的孩子都会糟蹋了,还能指望保住别的孩子吗?怎么能够 把他们养大呢?我一看我的女儿,就不免恐惧得发抖;布罗妮雅的 悲哀也使我心碎",-1.0
居里夫人,2438,"这些哀痛已经使玛丽的生活罩上阴影,而偏偏又有一种更严 重的忧虑来破坏它:比埃尔病了",-1.0
居里夫人,2445,"玛丽想驳他的话,但是她不能掩饰她的担心",-1.0
居里夫人,2446,"比埃尔气馁到 这种地步,是否因为他的力量已将用尽?也许他得了某种可怕的 不治之症?而玛丽自己能否克服她的极端疲乏?几个月以来,死 亡这个念头就在这个妇人周围徘徊,困扰着她",-1.0
居里夫人,2447,"比埃尔! 这个学者吃了一惊,转向玛丽;玛丽痛苦地喊他,她的声音象 是有人掐住了她的咽喉",-1.0
居里夫人,2450,"他对玛丽痉挛着的忧伤的脸凝视片刻,然后坚定地回答说: 你错了",-1.0
居里夫人,2454,"因此,我们看到比埃尔和玛丽在困苦的年月中作出灿烂的工 作,是不必惊讶的",-1.0
居里夫人,2501,"总之,镭的放射是传染的象强烈的气味或疾病一样地 传染!若把一件东西、一种植物、一个动物或一个人放在装镭的玻 璃管旁边,一定立刻得到一种可以看得出来的活动",-1.0
居里夫人,2525,"亨利 柏克勒尔把一个装着镭的玻璃管放在背心口袋里,也 受了伤,不过这并非有心!他又惊奇又愤怒,跑到居里夫妇那里 去诉说他们的可怕孩子的功绩",-1.0
居里夫人,2575,"三个穿大礼服的主考人坐在一张橡木长桌后面,轮流问这个 应试者一些问题",-1.0
居里夫人,2577,"玛 丽用柔和的声音回答问题,有时候拿起粉笔在黑板上画出一种仪 器的图形,或写出一种基本公式的符号",-1.0
居里夫人,2600,"为了要尽到良心上的责任,比埃尔强调说: 我也这样想但是我不愿意我们这样轻率地作出决定: 我们的生活很困难,而且恐怕永远是困难的",-1.25
居里夫人,2603,"有了它,我们一定可以过得舒服,可以去 掉辛苦的工作 他还微笑地提到他唯一不忍放弃的东西: 我们还能有一个好实验室",-1.0
居里夫人,2606,"再说,镭将在治疗疾病上有大 用处我觉得似乎不能借此求利",-1.0
居里夫人,2614,"布发罗自然科学学会赠我一本记述制镭业在美国发 展的情况的出版物,作为纪念;里面附有照相复制的比埃尔 居 里从前详尽地答复美国工程师所提问题的信件(1902年及19C3 年)",-1.0
居里夫人,2616,他们已经在贫苦和财富之间作了永久的选择,-1.0
居里夫人,2700,"这些话由一个刚刚自愿放弃财富的妇人写出来,是有特殊价 值的",-1.0
居里夫人,2725,", 我不愿意写这些事,因为我知道这种喧嚣只给我的父母带来 烦恼",-1.0
居里夫人,2745,"没有声音,周围只是 一片深沉而忧郁的寂静,城市的喧嚣到不了这里",-1.0
居里夫人,2755,"这个学者,这个教师,除了关心他的工作和他的家庭感情 之外,只挂虑一件事:他希望他的学生们和将来要从事艰苦科学 工作的青年,在他们奋勉前进的时候,不受到令人遗憾的物质生活 问题的阻碍",-0.2
居里夫人,2756,"他忘记了自己的痛苦,忘记了他和居里夫人的共同 努力;他的心里只想着一件事:也许在法国某处有值得注意的研究 者,有不知名的天才,这些人为了谋取每日生活所需,不得不放弃 他们的研究工作,因此什么事都作不出来 居里先生对我说到这一点时的那种含有热烈感情的声调,我 不能真正令人信服地表达出来",-0.3333
居里夫人,2761,"玛丽写给约瑟夫 斯可罗多夫斯基的信上说: 我们近来有一件大不幸的事:用镭作一种细致实验的时候, 我们丢失了很大一部分存镭,而我们至今还不知道这次灾难的起 因",-1.0
居里夫人,2763,我们两个人都很沮丧,-1.5
居里夫人,2764,""" 在另外一封信里,她又谈到这个唯一使她忧虑的东西镭",-1.0
居里夫人,2765,"1903年12月23日,玛丽写给约瑟夫 斯可罗多夫斯基的信 上 说 : 我们有可能大量制成这种麻烦的物质了,这是需要矿 物和钱的",-1.0
居里夫人,2768,"你不知道由几吨材 料里提出极少量的镭,须用去多少时间、耐性和金钱! 这是玛丽在得到诺贝尔奖金之后十三天的忧虑",-1.0
居里夫人,2779,"1902年3月20日,比埃尔 居里写给乔治 古依的信 上 说 : 您可以看出来我们现在正在走好运,但是好运气总带 来无限烦恼",-1.0
居里夫人,2787,人们正在尽力阻碍我们工作,-1.0
居里夫人,2795,"打破我们自愿的离群索居,真使我们痛苦;给我们的 影响无异于一场灾难",-1.0
居里夫人,2800,这两 个学者因此觉得很伤心,-1.5
居里夫人,2806,"除了热心工作和恐怕荒废时间之外,还有别的原因使居里夫 妇厌恶荣誉",-1.0
居里夫人,2811,"但是 玛丽一生逃避旁人的赞羡表示,并不是因为她要仿效比埃尔,也不 是因为她要服从他的意旨",-1.0
居里夫人,2813,"她在群众面前,总有一种难以抑制的羞怯,总有一种痛苦的烦 乱,使她僵住,甚至于使她眩晕,并且觉得身体不舒服",-1.0
居里夫人,2815,"居里夫 人同时有自己的研究、家庭、母职和教职,她担负着这全副重担,象 个走钢丝艺人那样在她那艰难的路途上迈步向前",-1.0
居里夫人,2826,"她一天一天地越来越收敛光彩,越退避,越隐姓 埋名,以逃避那些要把她拉上台的人,以避免成为明星若是成 了那种角色,她会自己都认不出来了",-1.0
居里夫人,2827,"以后许多年中,每逢不认识 的人到她面前坚持地问:您是居里夫人吗?她便压住微微的惊 悸,强作镇定地用平淡的声调回答说:不是你认错了. 象她的丈夫一样,她在钦佩她的人们面前,或是在当时的权贵 面前(这些人此刻把她奉若君主),只显出惊讶、疲乏,掩饰得不大 好的不耐烦尤其是显出厌倦,一种痛苦而且难堪的厌倦,当那 些讨厌的人乱谈她的发现和天才的时候,这种厌倦使她十分沮丧",-0.36
居里夫人,2833,"居里夫妇现在有一个新的理由要过野人生活,他们要逃避 好奇的人们",-1.0
居里夫人,2839,"这个妇人抬起头来,她那灰色眼睛注视着这个闯来的人 他立刻看出她和报纸上登出的成百成千张相片一样,这就是她! 这个记者惊愕了一会,就在她旁边坐下,掏出他的记事本, 她知道逃避是不可能的了,就忍耐着用很短的句子答复访问 者的问题",-1.0
居里夫人,2849,"庆祝镭和诺贝尔奖金的喧哗,使她生气,一时一刻也没有使她 放下对比埃尔的病的忧虑;这种忧虑破坏了她的生活",-1.0
居里夫人,2850,"1905年1月31日比埃尔 居里写给乔治 古依的信上说: 现在我的风湿症对我尚无大碍,但是去年夏天发作来势很 猛,我只得放弃瑞典之行",-1.0
居里夫人,2856,"我的病痛似乎是起于一种神经衰弱,而不是真正的风湿症, 自从我的饮食比较合宜并且服用士的宁以来,渐渐好多了",-1.0
居里夫人,2864,"她骑车的时候 总是穿男孩衣服,样子很好笑 比埃尔因为身体上的病痛,感觉到一种重大威胁,每每为时间 消逝而不安",-1.0
居里夫人,2868,她过去的命运比他的艰苦,-1.0
居里夫人,2881,"她感到气馁,责备自己在智力方面无能,责备自己蠢笨",-1.0
居里夫人,2890,"除了她的丈夫,她不 爱任何东西:不爱生活,不爱科学,甚至于也不爱将生的小孩;而她 的丈夫的健康无时无刻不使她忧虑",-1.0
居里夫人,2892,"221. 她不断地重复说:我为什么又要送一个生命到世上来?人生 太艰苦,太乏味",-1.0
居里夫人,2893,我们不应该使无辜的生灵受这种折磨 分娩很痛苦而且时间很长,-1.25
居里夫人,2897,她外表的镇静和通情达理的性 格稍为驱散了玛丽的忧郁,-1.0
居里夫人,2904,"她动摇了一些时候,现在恢复了她的坚定步伐,又走上了 艰苦的途程",-1.0
居里夫人,2908,"1905年3月23日,玛丽写给约瑟夫 斯可罗多夫斯基的信 上 说 : 我知道你在希望这个痛苦的灾难能给我们的国家带来一些 好处;布罗妮雅和卡西密尔也是这样想",-0.3333
居里夫人,2933,"1905年7月24日比埃尔 居里写给乔治 古依的信上说: 我和我的妻子刚到瑞典去了一次,这次旅行很合我们的 意,我们毫无忧虑,而且得到了休息",-1.0
居里夫人,2957,"牟内-绪利,本名让 绪利 牟内(18411916),法国悲剧演员",-1.0
居里夫人,2961,"比埃尔和玛丽看过这种戏之后,回来总是很满意的, 而且总要忧郁好几天!居里大夫以含着讥嘲的微笑迎接他们,这 个信仰伏尔泰哲学的老人,不喜欢病态的东西;他那碧蓝色的眼 睛注视着他们的难过面色,并且没有一次不说: 不要忘了你们是到那里消遣去的! 居里夫妇的科学的好奇心,加上一种对于神秘事物的爱好,在 这个时期把他们引上一条奇怪的路;他们参加那个著名的通灵者 欧萨比亚 巴拉的诺组织的招魂会",-0.375
居里夫人,2969,"过了几 年,玛丽完全放弃了对于这些现象的研究",-1.0
居里夫人,2970,"居里夫妇逃避各种招待会,社交场上看不见他们;但是他们不 能永远躲过正式晚筵和招待外国学者的大宴会",-1.0
居里夫人,2980,惋惜和悲伤的阴 影掠过这个着迷于科学的人底脸,-1.0
居里夫人,3004,"玛丽坐在 树荫下,靠近艾芙的小车,手里拿着针线活;但是她的缝制和补缀 工作并不妨碍她注意全部谈话,这种谈话在别的妇人听来,简直比 用中国话讨论问题还要深奥得多",-1.0
居里夫人,3006,"要解释这个问 题,必须放弃加尔诺原理,能量不灭说,或元素不灭说",-1.0
居里夫人,3013,"这些不平凡的交谈有时也夹杂着一些充满人情味的话语:居 里大夫与德比尔纳和郎之万谈政治,余班很友善地嘲笑玛丽,批评 她那过分朴素的衣服,责备她轻视打扮,于是这个年轻的妇人便惊 讶地听着这种突如其来的教训",-1.0
居里夫人,3059,"住处若与实验室距离很远,我的妻子的生活不免太艰苦,有时候她 的体力就不能胜任她的双重职责. 巴黎城外的平静生活,很有利于科学研究,所以把实验室移到 郊外,实是有益无损",-1.0
居里夫人,3098,"而在学者聚会的时候, 玛丽通常很少说话,若是偶尔热烈地参加讨论科学上的某一问题, 常会忽然脸红,惶恐地住了口,转向她的丈夫,让他说话;她深信比 埃尔的意见比她自己的要宝贵一千倍",-1.0
居里夫人,3152,"左边的后轮碰到一个不结实的障碍, 一转就把它 压碎了",-1.0
居里夫人,3174,"这个年事高迈的老人听着他们叙述这件不幸的事,枯皱悲戚 的脸上老泪纵横",-1.0
居里夫人,3175,"他的泪不只表示悲哀,同时也表示反抗",-1.0
居里夫人,3176,"居里 大夫亲切而又极其绝望地责怪儿子太不留心而丧了命,他一个劲 儿地反复说一句很痛心的责备话: 他当时在梦想什么? 到了六点钟,锁孔里有钥匙转动的声音,玛丽出现在客厅门 口,愉快而且活泼",-1.4
居里夫人,3186,"居 里夫人在四月的那一天,不只成了孀妇,同时还成了一个无法救治 的孤独可怜的妇人",-1.0
居里夫人,3187,目睹这个悲剧的人感觉到在她与他们之间的那层看不见的 墙壁,-1.0
居里夫人,3196,"安德烈 德比尔纳曾到警察 分局去运回他那谊兼师友的人的遗体,此刻又是他抬着这副悲哀 的重担",-1.0
居里夫人,3208,"在这几页到 处涂改、渍满泪痕、而且只能发表几段的文字中,她对比埃尔说话, 呼唤他,并且问他问题",-1.0
居里夫人,3209,"她试着把拆散他们的悲剧的每一个细节 记述下来,使这种记忆从此永远折磨自己",-1.0
居里夫人,3213,"你的头发差 不多看不见,因为伤痕正由发际起;额上右边露出碎了的骨头. 唉!你受了多么大的痛苦!你流了多少血!你的衣服都被血浸透 了",-1.0
居里夫人,3234,"宣 布他突然去世的消息的时候,实验室工人无不恸哭;那样真诚而且 伤心的眼泪,我从未看见过",-1.0
居里夫人,3253,"成千的小让步,我们这样不坚强的人认为无妨,他却完全不 容许;他不把他对于科学的尊崇和对于这种标准的尊崇分开,而且 他已经用一个光辉的榜样向我们指出,从那对于真理的朴实而 且纯洁的爱好可以产生多么崇高的责任观念",-1.0
居里夫人,3268,"但是这些活着的人正在照料她,并且为她自己不大想到的前 途担忧",-1.0
居里夫人,3269,"比埃尔 居里之死,引起了一些重大问题:比埃尔遗下的 研究工作怎样进行?他在索尔本的教职怎么办?玛丽的前途 如何? 她的亲戚们低声讨论着这些问题,听着接踵到克勒曼大道来 的部里和学校里的代表的建议",-1.0
居里夫人,3294,"乡村的美使我难过,我放下面 纱,透过黑纱看一切 5月11日: 我的比埃尔,我睡得很好,起来时比较平静",-1.0
居里夫人,3299,"象你去世那天的阴暗天气,我倒觉得好些,而我之所以还不曾 憎恨好天气,乃是因为我们的孩子们需要它",-1.0
居里夫人,3303,"生活上的忧虑,甚至于不容我平静地去想 我的比埃尔",-1.0
居里夫人,3324,末了玛丽才说:我不忍叫不关心的人碰这些东西,-1.0
居里夫人,3332,"这个因悲哀而憔悴不堪的三十八岁 的妇人,现在是一家之主了. 她作了决定:那一夏天她要留居巴黎,在实验室里工作,并且 预备将在十一月开始的教学工作",-1.0
居里夫人,3340,"你 决定罢! 玛丽低声说:不,您决定罢!您若离开我们,我一定很难过; 但是您应该选择您愿意的安排",-1.5
居里夫人,3345,"居里夫人,不幸去世的著名学者的遗孀,已正式受聘继任她 丈夫在索尔本的教席,将于1906年11月5日星期一下午一时半第一 次授课 居里夫人在开始的一课中,将阐述关于气体中离子的学说, 并探讨放射现象",-1.0
居里夫人,3349,"这些人并不是为同情心所动,也不 是要去学习;他们很不在意关于气体中离子的学说,而玛丽在这 残酷的一天里的痛苦,只不过是加在他们的好奇心上面的一种香 料",-1.0
居里夫人,3350,"连悲哀都有它的赶时髦的人! 索尔本里第一次将有一个妇人讲课,这个妇人是天才,同时也 是一个绝望的妻子",-1.0
居里夫人,3353,"最难过的是那些真正的学生,他们是来 听课并且写笔记的,不得不抓住他们的椅子,以免被别人挤下去",-2.5
居里夫人,3385,"她把悲痛深深藏在心里不使人看见,从来不在别人面前哭泣, 不肯受人怜悯或安慰,从来不对别人发出绝望的呼声,不告诉人在 夜里折磨她的噩梦",-1.0
居里夫人,3386,"但是她的近亲都忧虑地注意着她那总是无目 标地向空间注视着的无光彩的目光,注意着她那筋络开始痉挛的 手",-1.0
居里夫人,3390,"1907年玛丽写信给她的幼年朋友卡霁雅说: 亲爱的卡霁雅: 我没能接见你手下的K先生,他来的那天,我正犯了时常发作 的病痛,而且第二天我还要讲课",-1.0
居里夫人,3398,"经济方面我还不觉困难,我挣的钱足够抚养我的孩子;虽然 我的生活情况比我丈夫在世的时候当然要俭朴多了. 帝 者 帝 在这几年的悲哀时期中,有两个人帮助玛丽:一个是约瑟夫 斯可罗多夫斯基的妻妹玛丽亚 卡米安斯卡,她是一个娇美而且 温柔的妇人,经布罗妮雅请求,她应允在居里家里当家庭女教师和 管家",-0.3333
居里夫人,3405,"既然 比埃尔已经完全消灭了,他不让比埃尔的幽灵来折磨自己",-1.0
居里夫人,3410,"没有这个蓝眼睛的老人,她们的童年一定会陷于悲哀之中",-1.0
居里夫人,3415,"现在的伊雷娜 约 里奥-居里的精神上的平衡,她对于苦难的恐怖,她对于现实的一 心归附,她对于教权主义的反对,以及她的政治同情,都直接得自 祖 父",-1.0
居里夫人,3436,"她并不鼓励她的孩子们作杂技式的冒险,不喜欢她们轻率鲁 莽,但是她要她们大胆",-1.0
居里夫人,3439,"连那对于比埃尔的 惨死事件的回忆,也没有使她害怕得处处监视她的女儿们",-1.0
居里夫人,3442,"她竭力防止她们 有忧伤的空想,防止她们的感觉过度敏锐",-1.0
居里夫人,3447,"她不认为 这种缄默对于她的女儿们是一种罪过,她宁可不让她们和她自己 有表现高尚情绪的机会,而不愿使她们沉浸于悲哀的气氛中",-1.0
居里夫人,3451,"她觉 得不能把自己不再相信的信条教导她们,尤其担心她们将来会有 失去信仰的时候的苦恼",-1.0
居里夫人,3453,"这些小孩不必经历她所度过的那种忧患的童年、劳苦的幼年 和贫困的少年,她是满意的;不过她也不希望她们过奢侈的生活",-0.3333
居里夫人,3457,"她的想法是:贫寒固然不方便,过于富有也是多余而且讨厌 的",-1.0
居里夫人,3463,"十年二十年之后,她们 看出社会生活有它的需要,有它的法律;而不幸得很,向夫人说早 安,乃是一件必须作的事 伊雷娜已经得到读书证,到了入学年龄,玛丽设法教育她的 女儿,不循旧例",-1.0
居里夫人,3502,"这两天给她和母亲一种很痛苦的经验,但是,在这两个人之中, 玛丽倒成了受罚者,她心烦意乱,在那所郁闷的房子里徘徊,比她 的女儿还要痛苦得多",-1.1667
居里夫人,3557,"八年前和比埃尔 居里竞选得胜的那个阿麻加先生,怀着卫 道的愤怒大声疾呼:妇女不能当科学院院士!一些白尽义务的报 告者不顾事实,硬是对天主教徒说玛丽是犹太人,同时又提醒自由 思想者说她是天主教徒",-1.0
居里夫人,3563,"这次失败使他们惊呆 了,机械师路易 拉果心里很难过,把那个没用的花束拿开",-1.25
居里夫人,3566,她对于这 个几乎并没有使她感觉苦恼的挫折不加一句评论,-1.0
居里夫人,3585,"我不必批评那些发动这种攻击的人,也不必说玛丽如何绝望 地而且时常是如何十分笨拙地挣扎着;我们也毋需说到那些新闻 记者,他们在这个毫无自卫能力的妇人受匿名信烦扰、受暴力的公 开威胁而且有生命危险的时候,还有勇气污辱她,后来其中有些 人来求她宽恕,说了许多表示懊悔的话,流着眼泪但是这个罪 行已经造成了恶果,玛丽被逼得几乎要自杀或发疯,并且因为体力 不支,她患了重病",-1.0
居里夫人,3591,"如果没有荣誉这种可怕的磁石给她吸引同情和 憎恨,玛丽 居里决不会受批评或诬谤",-1.0
居里夫人,3592,现在她又多一层理由来 憎恨声誉了,-1.0
居里夫人,3594,"玛丽收到几百封由一些她认 识或不认识的人签名的信件,都说她遭到的磨难引起他们的怜悯 与愤怒",-1.0
居里夫人,3600,"经过两个月的挣扎,她战胜了疾病;但 是她的肾脏有严重病变,必须动手术",-1.0
居里夫人,3601,"玛丽现在极端虚弱,经医生 诊视之后,她不顾痛苦,要求把手术推迟到三月,因为在二月底她 要参加一个物理会议! 著名外科医生查理 瓦尔泰给她作了手术,并且精心照料她; 虽然如此,她的健康仍好久没有恢复",-1.0
居里夫人,3603,"她勉强忍受着发烧和肾痛,毫不诉苦;任何别的妇人若有这种 痛苦,一定要过病人生活了. 玛丽困于身体上的疾病和人们的诽谤,象一个陷于绝地的野 艾尔敦夫人,可能是英国电气工程学教授威廉 艾尔敦(1847 1908)的 后妻赫沙 迈尔克斯(1854 1923). 爱弥尔 波瑞(1871 1956),法国数学家",-1.0
居里夫人,3614,"我们对于我们的智力丧失了信心,在我 们的敌人看来,我们是在退步,而我们自己也在放弃对于前途的 希 望",-1.0
居里夫人,3617,"有你在华沙,我们就会觉得力 量大了许多,我们因种种不幸而低下去的头,就可以抬起来",-1.0
居里夫人,3623,"由一个没有什么顾虑的人看来,这是多么好的机会!她可以 借此体面地离开法国,不再理睬诬谤,不再理睬残忍的行为! 但是玛丽从来不受怨恨的驱遣,她急切地、真诚地考虑自己的 责任所在,回国这个主意很吸引她,同时也使她害怕",-1.0
居里夫人,3627,"这是她一生中觉得没有气力作任何事情的期间,而就在这个 时候,两种不相容的使命在折磨着玛丽",-1.0
居里夫人,3628,"思归的心情使她犹疑了 许久,最后还是写了一封辞谢的信寄往华沙,她心里多么痛苦啊! 她仍然答应在远处领导这个新实验室,并且把它交给两个最好的 助手去实地管理:波兰人达尼什和卫丹斯坦因",-1.0
居里夫人,3640,"这些游历是既甜 蜜又令我悲哀的,但是我不能自制着不去",-1.0
居里夫人,3656,"侯,乘客准会出什么事 这样一个动人的忧虑,使那些年轻一代的孩子们哄然大笑;他 们一点没有猜想到这种想象的升降梯坠落,含有相对论上一些 高深的问题! 在这次短期休假之后,玛丽到英国去,后来又到布鲁塞尔去, 在那些地方有一些科学上的隆重仪式要她参加",-0.3333
居里夫人,3658,"例外地,她很高兴地忍受了这次折磨,并且 用有趣的说法写信告诉伊雷娜: 他们给我穿上一件很好看的镶着绿边的红袍,和我那些受罪 的同伴别的接受博士学位的学者-一样",-1.0
居里夫人,3685,"这个淳朴的人很难过,因为理化学校也在建筑工作室 和梯形教室,而那个棚屋比埃尔和玛丽的简陋潮湿的木板屋, 将要在拆房人的鹤嘴.助下毁平了",-1.5
居里夫人,3716,"巴黎很平静,并且给人很好的印象,虽然到处是离别的 悲哀",-1.0
居里夫人,3723,"这个波兰女子忘记了法国不过是她的第二祖国,这个作母亲 的人不想去和她的孩子们住在一起,这个虚弱有病的人轻视她的 疾病,而这个学者把她自己的工作留到比较太平的时候再做;玛丽 只有一个念头:为她的第二祖国服务",-1.0
居里夫人,3734,"德国军队的迅速推进,使玛丽面对一个需要解决的问题",-1.0
居里夫人,3738,"她这样不无虚伪地推论着,给指导她的本能找出一些合理的 解释",-1.0
居里夫人,3739,"这个固执而有毅力的玛丽在本能上不喜欢逃避行动,她认 为害怕就等于为敌人服务,她决不让得胜的敌人走进无人照料的 居里实验室而自鸣得意",-0.3333
居里夫人,3754,"但 是田野上的一切也是一派失败气象,铁道沿线的公路上不断有向 西逃去的成行的汽车",-1.0
居里夫人,3781,"这个羞怯的妇人 突然变得苛求而且严厉,她去麻烦那些懒惰的官员,向他们要通行 证,要发命令的权力,要签证",-1.0
居里夫人,3782,"他们制造种种困难,提出规章来抵 制他们中许多人都怀着这种念头:平民不应该来麻烦我们! 但是玛丽毫不让步,和他们争辩,终于得到了胜利",-0.3333
居里夫人,3798,令人悲哀的队列开始来了,-1.0
居里夫人,3800,"人们把躺着痛苦 身体的担架逐一抬进来,玛丽调节仪器对准受伤的部位,以便看到 清晰的图象",-1.0
居里夫人,3803,"有时候,就在射线之下施行手术,医生 可以在透视屏上看见他的钳子刺入伤口,绕过骨骼障碍,夹住弹 片",-1.0
居里夫人,3823,"决意 用全力为我的第二祖国服务,因为此刻我不能实地为我那不幸的 祖国效劳,它受了一世纪多的困苦,现在又浸在血泊里了",-1.0
居里夫人,3855,"她生气是因为她由佛耳芝医院回来的时候,司机驾驶时突然 把车翻到沟里去了",-1.0
居里夫人,3857,"她很烦恼,不是因为觉得自己受了很重的擦伤,而是想到 这是她的第一个念头那些 X 光相片一定都碎了",-1.5
居里夫人,3871,"她不喜欢她的女儿们太谨慎,太苛求",-1.0
居里夫人,3876,"这个波兰女子不再是孤单 的了,她现在可以和一个合作者、 一个朋友谈她的工作,或谈她的 个人忧虑",-1.0
居里夫人,3898,"这种技术所需 要的专门人才很缺乏,使玛丽很忧虑,她建议政府开办并常设放射 科训练班",-1.5
居里夫人,3902,"居里夫人的 声望起初使她们很害怕,但是这个物理学家对她们的恳挚欢迎,很 快就使她们折服了",-1.5
居里夫人,3911,"别的比较 没有知识的医生,对于她的仪器怀着一种毫无道理的不信任;但是 经过几次起决定作用的 X 光检查之后,他们惊异地说这是有效 的",-1.0
居里夫人,3916,"有些农民和工人看见伦琴仪器觉得害怕,问她用这种东西 检查是否会伤了他们",-1.0
居里夫人,3919,"为了 救一条性命,为了使一个人不受痛苦、少受切割、不致羸弱,她愿意 作最艰苦的努力",-0.8333
居里夫人,3920,"只在所有的机会都已用尽时,她才肯放弃",-1.0
居里夫人,3921,"她在这四年中间从来不提她遭受的困苦和危险,不提她那无 限的疲乏,不提她所冒的出生入死的危险,也不提X 射线和镭对于 她那已受损伤的身体的残酷影响",-1.0
居里夫人,3927,"她看见成千具碎裂的躯体, 听见呻吟和狂喊,这种记忆在长时期内使她的生活总是郁闷的",-1.0
居里夫人,3938,"她从前以虚伪和诡诈应付沙皇的官员,在 华沙的一些简陋住房里秘密与流动大学里的同志聚会,教斯茨初 基的小农民读书等等工作,并没有白费心力",-1.0
居里夫人,3941,"但是假如大战 终了,波兰仍受束缚,仍然被人分裂,我们将如何悲痛,如何失望! 这样看来,目前情势的阴云,真是不足道了",-1.0
居里夫人,3947,"她的体力是否能让她继续教课并保证她在退休之前继 续领导实验室呢? 玛丽并未放弃她的战时职务(以后两年,继续有放射科学生到 镭研究院上课),同时她又奋勉从事她一生最热心的工作:物理学",-1.0
居里夫人,3954,"以 前显得困难的问题变得容易,并且立刻得到解决",-1.0
居里夫人,3971,"她梦想一种真正能够消除嫌怨和憎恨的条约,她有时候 说:或是把德国人完全消灭(这是我决不主张的),或是给他们一 种他们能够受得了的和平 战胜国的学者与战败国的学者恢复了交往",-1.0
居里夫人,3977,"居 里夫人责备莱茵河彼岸在宣言上签字的作家和学者,她认为一个 知识分子如果不坚定地保卫文化和思想自由,就是背叛了自己的 使 命",-1.0
居里夫人,3992,"伊雷娜的这个幸运的例子,很轻易地使玛丽以为年轻人可以 毫无困难地在生活的迷宫中找到方向",-1.0
居里夫人,3993,艾芙的烦恼和不断改变方 向使她觉得困惑,-1.0
居里夫人,3997,"可是她怎 么看得出自己的错误呢?她的天才有一种永远正确的本能,就是 这种本能把她引上了有许多巨大障碍的前途",-1.0
居里夫人,4005,"她怀着无限信心等待你们给她一切,并且深 信你们能保护她,使她不受任何痛苦",-1.0
居里夫人,4010,"你们真是我的巨大财富,我希 望还能和你们一起过上几年好日子. 不知是因为居里夫人的健康在令人精疲力竭的战争岁月之后 好了起来,还是因为老年人的泰然心情已经开始,她变得安详多 了.象一把虎头钳一样紧紧地卡住她的悲哀和疾病已经放松,时 光冲淡了旧日的苦恼 1921年8月1日,玛丽写给布罗妮雅的信上说: 我一生受了不少痛苦,现在快要到头了:只有一个真正 的灾难能够给我以打击",-1.0
居里夫人,4011,"我已经学会了安于命运,并且总是力求 在日常的郁闷生活里找出小小的乐趣",-1.0
居里夫人,4048,"这里有才学的人多极了:你要谈物 理学么?这里有让 佩韩、玛丽 居里、安德烈 德比尔纳、维克 多 欧瑞;要谈数学和微积分么?你可以问爱弥尔 波瑞,他披着 晨衣,象一个穿着长袍的罗马皇帝;生物学?天体物理学?路易 拉比克和查理 谋汉可以答复你;至于那个魔法师查理 赛诺伯 斯,这个殖民地上无数的小孩曾惊骇地彼此告诉:他知道所有的 历史 但是这个大学教授聚会的奇迹,乃是从来没有人谈物理学、历 史学、生物学或数学,并且都不注意尊敬、等级、甚至于礼貌上的习 惯",-1.0
居里夫人,4088,"在这个地方谁也不帮助谁,这个集团的第一条规 则是:不要热心管别人的事, 这些水手分散开去吃午饭",-1.0
居里夫人,4104,"但是在战后几年中,它还引起不在这个集团里的 人的惊讶,并且作了许多表示骇异和愤慨的评论",-1.0
居里夫人,4134,"麦隆内夫人后来写道:门开了,我看见一个苍白羞怯的妇人 走进来,其神色之忧郁,是我从来没有看见过的",-1.0
居里夫人,4146,",由于一 时冲动,我问她:若是把世上所有的东西任你选 择,你最愿意要什么?' 这是一个愚蠢的问题,但是它后来成为决定命运的一个 问题",-1.0
居里夫人,4181,"我不喜欢这次远度重洋,大海显得忧郁、阴暗、很不平静",-1.0
居里夫人,4223,"一个刚离开修道院生活的虚弱妇人与强壮喧闹的人群作战,是力 所不逮的,嘈杂声和掌声使玛丽眩晕,无数看着她的眼睛使她害 怕,群众在她经过的路上猛烈推挤也使她惊怖,她徒然地担心会在 这些可怕的激浪中被人挤碎",-1.0
居里夫人,4233,"最后是合众国总统讲话,他恳挚地向她致词,说 她是一个高尚的人,忠诚的妻子,慈爱的母亲;除了她那极艰辛的 工作之外,还尽到了妇女的全部天职",-2.0
居里夫人,4239,"有幸参加这次仪式的人们,大声疾呼地宣布镭的发明者接 受她的美国朋友赠送的无价之宝的新闻记者们,如果听到玛丽 居里在哈定总统把那一克镭赠给她之前,就已经放弃了它, 一定要 大为惊异的",-1.0
居里夫人,4252,"在大学里,她又得了一个博士学位!玛丽穿上她的教授长袍, 这件衣服她穿着很合身而且很舒服;但是她不肯用传统的方帽盖 住她的头发,她觉得它难看,并且抱怨它戴不住",-1.0
居里夫人,4256,"她放弃了到西部各城 市去的计划,那里预定为她举行的招待会都取消了",-1.0
居里夫人,4257,"那些美国记者立刻怀着自责的愤激之情指责他们的国家不 对,不应该使一个上了年纪而且虚弱的妇人,遭受非其体力所能忍 受的磨难;他们的文章都质朴而且生动,读来引人入胜",-1.0
居里夫人,4260,"一些 悲观的人认为这件事简直是一个悲剧:我们用我们的过度热诚差 不多已经害死了霞飞元帅,难道我们又要害死居里夫人? 玛丽诚恳地和钦佩她的人们周旋,这些人在第一场接触中已 经得胜",-1.0
居里夫人,4264,这只是短暂的休息!布发罗的接待委员会 不肯放弃会见玛丽 居里,-1.0
居里夫人,4270,"麦隆内夫人虽然 巳经放弃请居里夫人游历全美的计划,仍要请她看看这个大陆上 最惊人的奇观:科罗拉多的大峡谷",-1.0
居里夫人,4305,"为了获得这很少的一点东西,竟然需要在整个大陆到处 乞求,玛丽还必须亲自到这些女施主所在的城市中去,并且亲自道 谢 这怎能不叫人想到,以前在专利证书上简单地签一个字不是 要有效得多吗?这怎能不叫人想到,富足的玛丽 居里不是可以 给她的国家设许多实验室和医院吗?二十年的挣扎与困难,是否 已经使玛丽后悔,是否已经使她相信,她轻视财富就等于为了一 种奇怪的念头而牺牲她的工作的发展? 居里夫人由美国回来之后,写了一些自传性的短文,她在文中 向自己提出了这些问题,并且作了如下的回答: 我的许多朋友坚持说,若是比埃尔 居里和我保留了 我们的权利,我们就可以得到必需的资金,来建立一个满意的镭研 究院;而以前阻碍我们两个人,现在仍在阻碍我的种种困难,都可 避免",-0.25
居里夫人,4309,"毫无疑义,这些梦想者不配享受财富,因为他们并不希望要 它",-1.0
居里夫人,4310,"虽然如此, 一个组织得好的社会却应该把完成工作的有效条 件给予这些工作者,使他们过的生活能不受物质忧虑的困窘,而且 能自由地专心从事研究",-1.0
居里夫人,4350,"她反对那种她称之为全世界科学工作的无政府状态的现 象,力图使她的周行同意某些明确的问题,这些问题表面上看来虽 很不重要,但是却决定着知识的进步:合理地整理书目,使工作者 便于搜集其研究范围内别人已经得到的成果的资料;统一科学符 号和术语,统一科学出版物的开本,统一各杂志发表的著作的摘 要;拟定各种常数表",-0.3333
居里夫人,4357,"她梦想由商业利润中提出研究补助金,借以补 救各实验室的困难",-1.0
居里夫人,4358,"只有一次,她放下实际问题,在1933年到马德里去主持一个 讨论文化前途的辩论会,许多国家的作家和艺术家参加了这个 辩论会,发起人保罗 瓦莱里称他们为与他们的风车作战的精 神上的唐 吉诃德之辈",-1.0
居里夫人,4366,"1929年7月,玛丽 居里写给艾芙 居里的信上说: 我认为国际工作是一件很艰难的任务,但还是应该以极大的 努力和真正的牺牲精神为代价来学着做去",-0.25
居里夫人,4368,"崇 两次、三次、四次到波兰旅行 居里夫人不是到她自己的亲属那里去休息,或是去排遣忧虑",-1.0
居里夫人,4370,她的倔强不足以克服种种困难,-1.0
居里夫人,4447,"但是她本身毫无改变:在群众面前依然有生理上的恐惧,羞怯 依然会使她双手冰冷、咽喉发干,尤其是依然有那种无可救药的不 爱好虚荣",-1.0
居里夫人,4460,"这个学者的样子, 一直到死总象一个匆忙的贫穷妇人,她谨慎地拿着一个很大的棕 色手提皮包,永远是这一个,这是多年前一个波兰妇女联合会送给 她的,里面塞满了纸张、文件、纸夹和眼镜盒子",-1.0
居里夫人,4461,"玛丽的一只手臂 抱着一把萎谢了的花,这把很普通而且硬邦邦的花是路上有人赠 给她的,给她添了许多麻烦,然而她不敢扔掉",-1.0
居里夫人,4473,"玛丽讨厌窗帘,她喜欢光滑的地板和毫不阻碍阳光的玻 璃",-0.3333
居里夫人,4480,"伊雷娜承袭了母亲的不甚关心物质的脾气,她在这所冷冰冰 的房子里很舒适地住到她结婚",-0.15
居里夫人,4482,"这所房子的所有房间里,只有玛丽的工作室富有生气而且动 人",-1.0
居里夫人,4490,"政府给的国家年金和美国人慷慨赠与的年金,已经解决了物 质上的困难",-1.0
居里夫人,4534,"睾 唉!我疲倦极了! 居里夫人差不多每晚总说这一句话,她苍白的脸庞因疲劳而 显得憔悴而且衰老",-1.0
居里夫人,4556,"这个 悲惨地、无辜地受过伤害的妇人,对爱情是不甚尊重的",-1.8
居里夫人,4566,"她写一些悲哀的信给她深以不 能常见为苦的伙伴,她写信给住在蒙彼利埃的雅克 居里,写信 给约瑟夫、海拉、布罗妮雅",-1.0
居里夫人,4569,"1932年4月12日玛丽写信给布罗妮雅说: 亲爱的布罗妮雅:我也因为我们彼此分开而难过;但是你虽 然觉得孤寂,还能有一种安慰:你们有三个人在华沙,因此你还能 有人作伴,受到保护",-1.0
居里夫人,4574,"这两个妇人的讨论,因此总是陷于空谈;而母亲总是含着退让,甚 至于含着愉快和幽默,对女儿作如下的评论: 啊!我可怜的亲爱的人,这是多么可怕的鞋跟!不,你永远 不能使我相信妇女生来是要踩高跷走路的而这是一种什么新 式样,要在衣服背上开口呢?在胸前开口还受得了,可是这几公 里长的裸背!第一,这是不端庄的;第二,这有患胸膜炎的危险; 第三,这是很丑的;即使你不注意前两种理由,第三种也应该使你 有所触动!虽说如此,你的衣服的确很好看;不过你黑衣服穿得太 多,黑色不适合你这种年龄 最痛苦的是化装的时候,艾芙用了很长的时间,费了很大的 事,认为结果十分完美之后,她的母亲却讥讽地叫她:你转过来一 点,让我欣赏欣赏!居里夫人用科学眼光仔细看她,觉得惊讶 极 了 : 当然在原则上我不反对这种涂抹,我知道人们一向是这样作 的,古埃及妇人还发明过糟糕得多的装饰我只能对你说一件 事,我认为这简直可怕",-0.1
居里夫人,4577,"那些痛苦的、 烦闷的小说,只有象你这样年轻的人才受得了",-1.0
居里夫人,4585,"她正专心研究一种困难的理论计算,虽然知道她的女儿回来 了,并不抬头",-1.0
居里夫人,4602,"玛丽 居里对一个研究者说话 的时候,就全神贯注于这个人研究的问题,连这个问题中最小的 细节她都知道",-1.0
居里夫人,4609,"她这 样坐着,仰面看着那些站在她周围或倚着墙壁的工作者;她没有一 般领导人那样的姿态,然而 极仔细地考查学生能力之后,挑选实验室工作者的,是她;给 他们指定工作的,差不多永远是她;学生遇着困难的时候,要去请 教的,也是她",-1.0
居里夫人,4639,"有时候,这些请求使她疲倦而且觉得有点屈辱;她对艾芙叙述 她如何在各会客室里等候,如何心里怀着畏惧,并且微笑着用下面 这句话结束: 我相信他们总有一天会象赶乞丐一样把我们撵出门完事! 居里实验室里的工作者,在这个可靠的舵手引导下,把放射性 这种学说中各神秘莫测的部分逐一加以探查",-1.0
居里夫人,4643,"假如她能象她周围的青年一样,把每一分钟都用 在研究上,她的创造性活动能达到什么程度?而在她步步启发、步 步指导的那些工作中,谁又能说得出她的成绩? 她自己从来不想这些问题",-1.0
居里夫人,4649,"玛丽能不能在花园里的凳子上坐半小时,专心思索某种科学 问题呢?一个女助手一定会用惊愕而且亲切的声音把她由沉思中 唤醒:夫人,你会着凉的!夫人,进来罢,我请求你!在居 里夫人忘了去吃午餐的时候,总会有一些细心的人把面包和水果 放在她身边 实验室的仆役和工人,也和别的人一样,感觉到她那深藏不 露的、世上少见的吸引力",-1.0
居里夫人,4660,"她怕愚笨甚于怕虚荣, 一 只不灵巧的手在实 验装置上引起的实际灾难,会使她发火",-1.0
居里夫人,4668,"她以几句热情的言词称赞这个人的工作的独创性,指出他克服了 的困难",-1.0
居里夫人,4685,"和玛丽一样,他也厌恶荣誉的喧嚣; 和她一样,他也永远拒绝物质利益",-1.0
居里夫人,4687,"这两个共事的领导人,都惊叹合格的专家利用放射疗法时所 取得的疗效;但是也有同样的忧虑,他们看见世界上有许多人随便 利用镭,觉得很生气,而又无法阻止",-1.25
居里夫人,4688,"某地方有些没有知识的医生, 用放射性物质碰运气地治疗疾病,甚至于连这种治疗的危险都 不知道",-1.0
居里夫人,4697,"还有别的信件责任心很强的玛丽口授她的女秘书写信给 外国同行,答复那些以为居里夫人能治好一切病症、能减轻任何痛 苦的绝望的请求者",-1.0
居里夫人,4714,"玛丽不让人看出她的失望,她毫不怯懦地把这种不幸告诉她 的女儿们,并且立刻就谈到治疗,说是在两三年内就要试一试动手 术在这令人难受的等待时期,她与世界之间,她与她的工作之 间,就要隔上渐渐加厚的水晶体,罩上一层永远不散的雾",-1.0
居里夫人,4715,"1920年11月10日,玛丽写给布罗妮雅的信上说: 我的眼睛和耳朵成了我最大的烦恼",-1.0
居里夫人,4719,这就是我的痛苦,-1.0
居里夫人,4730,"有个学生不得不请居里夫人 看一个摄有很细的线条的试验底片,怎么办呢?玛丽先异常巧妙 地问他问题,得到必需的说明,想出底片上的图象,然后才拿起那 块玻璃板来研究,假装看见了那些线条 无论她如何预防,无论她如何用心,实验室里的人还是猜到了 这场戏;然而他们都不说出来,装作不知道,把这个游戏玩得和玛 丽一样巧妙",-1.0
居里夫人,4736,"出血这种意外的复 杂病情,在几个星期中几乎使康复无望,令人忧虑",-1.0
居里夫人,4757,"1927年伊雷娜患了 重病,玛丽很痛苦、很失望,有个朋友到实验室去找她,打听消息",-1.5
居里夫人,4767,"她坐在椅子上,两臂交叉,背是驼的,眼神是空虚的,她的 样子突然象一个很老很老的农妇,因为遭了巨大的悲哀而沉默忧 伤",-1.0
居里夫人,4768,"那些合作者看见她这样,怕是出了事故,怕是演了悲剧,都来 问她出了什么事",-1.0
居里夫人,4769,玛丽凄然说出一句总括一切的话:没能使钢X 沉淀 有时候她会公开责备她的敌人:这是钋跟我作对,-1.0
居里夫人,4776,"但是她内心并不真正平静,她不甘心这样,她的全部本能都 排斥寿终这个概念",-1.0
居里夫人,4784,"为了抵御她所害怕的袭 击,她热狂地用计划和责任在自己周围筑起一道壁垒",-1.0
居里夫人,4785,"她轻视那 种一天比一天明显的疲乏,轻视压迫着她的一些慢性疾病:不好的 视力,风湿性肩痛,时常发作的耳鸣",-1.0
居里夫人,4795,"她冒了这么多危险,只血液略有变化,手上受了一些讨 厌而且痛苦的烧伤,有时干枯,有时化脓,这算不得很严重的惩罚! 1933年12月居里夫人短期患病,这次的病给她比较深的感 受",-1.0
居里夫人,4796,"X 光照相显示她的胆囊里有一大块结石,斯可罗多夫斯基先生 就是死于这种病症! 玛丽为了要避免她所害怕的手术,这才 注意饮食调养,稍微留心自己的健康",-1.0
居里夫人,4802,"这次游历很不幸,玛丽原想作一次周游,让布罗妮雅看看各处 的美丽风景;但是走过几段路,到了她在加发来尔的别墅里,她就 着凉了,觉得疲乏已极",-0.25
居里夫人,4804,"玛丽冷得发抖,忽然 感到失望,倒在布罗妮雅怀里,象有病的孩子一样地抽泣",-1.0
居里夫人,4805,"她担心 她的书,恐怕患了气管炎就没有气力把它写完",-1.0
居里夫人,4807,"到了第二天,玛丽抑制住这种精神上的沮丧,从此就不曾 再发生这种情形",-1.0
居里夫人,4833,"她的病没有确诊,有时说是流行性感冒, 有时又说是气管炎:与这种病症的斗争令人失望,却迫使她接受一 些令人厌倦的治疗",-1.0
居里夫人,4839,"艾芙担心地对她说了这个办法,玛丽又听从了,接受了这个建 议,并且动身了",-1.0
居里夫人,4855,"若 是在这里说出他们的名字,也许会使人以为我在责备他们,不公正 地忘了他们的恩惠",-1.0
居里夫人,4868,玛丽很忧虑她的胆囊里的结石,-1.5
居里夫人,4871,"于是开始了人们称之为缓慢的死的那种折磨人的、残酷的 战斗,在这种情况下,不肯灭亡的身体以一种疯狂的决心抗拒死 神",-1.0
居里夫人,4872,"艾芙在她的母亲身边还须作另外一种战斗;因为在居里夫人 还很清醒的头脑里,并没有想到自己要死,这种奇迹必须设法保 持,使玛丽不受这种不能以安命思想慰解的巨大痛苦",-1.0
居里夫人,4874,"没有对她施行痛苦的治疗法,没有进行迁延时日的输血,这些 都毫无用处,而且会给她不好的印象;没有匆忙地把亲戚们叫到这 个垂死的人的床边来,她看见他们聚集,心里会突然感触到那可怕 的结果已经确定",-1.0
居里夫人,5023,"从华沙方面获得亚历山大奖学金六百卢布,解决了她的经济困难,得 以继续在法国深造",-1.0
居里夫人,5120,"卢瑟福1910年在 布鲁塞尔会议上见到居里夫人后,在家信中提到居里夫人她脸色苍白,疲劳 过度,看上去比她的年龄老得多,工作太劳累,身体很虚弱,总之,看了她的样 子真叫人难过. 论文《放射性物体的照射》发表. 前往华沙为放射学实验室落成揭幕",-1.0
居里夫人,5130,:1018年 五十一岁 向军需部放射物资委员会报告放射性元素及其原理和应用问题,-1.0
居里夫人,5140,回国后即发动美国妇女和人民捐款协助居里夫人解决实验研究缺乏镭 的困难问题,-0.3333
