科学家,词语,频次
何泽慧,何泽慧,878
何泽慧,钱三强,384
何泽慧,物理,372
何泽慧,实验,297
何泽慧,中子,255
何泽慧,研究所,230
何泽慧,当时,196
何泽慧,何先生,176
何泽慧,中国,174
何泽慧,乳胶,171
何泽慧,原子能,165
何泽慧,先生,150
何泽慧,参加,147
何泽慧,高能,136
何泽慧,科学,130
何泽慧,10,129
何泽慧,径迹,128
何泽慧,会议,122
何泽慧,12,117
何泽慧,加速器,116
何泽慧,原子核,112
何泽慧,裂变,112
何泽慧,测量,106
何泽慧,分裂,105
何泽慧,德国,104
何泽慧,实验室,104
何泽慧,物理系,103
何泽慧,核乳胶,103
何泽慧,学生,102
何泽慧,居里,101
何泽慧,清华,101
何泽慧,后来,98
何泽慧,北京,94
何泽慧,领导,92
何泽慧,核物理,92
何泽慧,一起,92
何泽慧,技术,92
何泽慧,教授,92
何泽慧,发展,91
何泽慧,粒子,90
何泽慧,进行,86
何泽慧,我国,85
何泽慧,理论,83
何泽慧,问题,82
何泽慧,北平,82
何泽慧,方法,81
何泽慧,任务,80
何泽慧,电子,79
何泽慧,射线,79
何泽慧,现象,78
何泽慧,照片,78
何泽慧,就是,78
何泽慧,中国科学院,77
何泽慧,研制,75
何泽慧,苏州,74
何泽慧,11,74
何泽慧,一些,74
何泽慧,回忆,74
何泽慧,赵忠尧,73
何泽慧,宇宙线,72
何泽慧,大学,71
何泽慧,报告,71
何泽慧,回国,70
何泽慧,得到,70
何泽慧,汉城,69
何泽慧,方面,69
何泽慧,成立,68
何泽慧,山西,67
何泽慧,里奥,67
何泽慧,美国,67
何泽慧,彭桓武,66
何泽慧,法国,66
何泽慧,科学院,66
何泽慧,结果,65
何泽慧,何澄,65
何泽慧,重要,64
何泽慧,指导,63
何泽慧,科学家,62
何泽慧,研究院,62
何泽慧,气球,62
何泽慧,二室,62
何泽慧,纪念,62
何泽慧,教育,61
何泽慧,清华大学,60
何泽慧,这种,60
何泽慧,近代,58
何泽慧,碎片,58
何泽慧,主要,58
何泽慧,完成,57
何泽慧,物理学,57
何泽慧,化学,57
何泽慧,高能物理,56
何泽慧,探测器,56
何泽慧,这些,56
何泽慧,产生,56
何泽慧,国家,56
何泽慧,苏联,55
何泽慧,一次,55
何泽慧,20,55
何泽慧,主任,55
